no,ticker,title,date,source,high_priority_hits,medium_priority_hits,fundamental_hits,red_flags,urgency_score,total_score,category,action,key_findings
511,-,"ELPI Umumkan Rencana Rights Issue, Bakal Terbitkan hingga 2,03 Miliar Saham Baru",2026-01-30,IDX Channel,5,1,0,0,10,27,🚀 HIGH POTENTIAL,IMMEDIATE REVIEW,"rights issue, HMETD, hak memesan efek"
68,-,"Akuisisi Emway, BABY Gelar Rights Issue Pakai Skema Inbreng",2026-01-22,IDX Channel,5,1,0,0,10,27,🚀 HIGH POTENTIAL,IMMEDIATE REVIEW,"rights issue, HMETD, hak memesan efek"
249,-,"TRUE Tunda Private Placement, Buka Opsi Cari Aksi Korporasi Lain",2026-01-26,IDX Channel,5,2,0,1,10,27,🚀 HIGH POTENTIAL,IMMEDIATE REVIEW,"HMETD, hak memesan efek, penambahan modal"
3,-,"Asuransi Digital (YOII) Gelar Rights Issue, Terbitkan 684 Juta Saham",2026-01-21,IDX Channel,5,1,0,0,10,27,🚀 HIGH POTENTIAL,IMMEDIATE REVIEW,"rights issue, HMETD, hak memesan efek"
95,-,"YOII Umumkan Rights Issue demi Penuhi Aturan Modal OJK, RUPSLB Digelar Maret 202...",2026-01-22,IDX Channel,5,0,0,0,10,25,🚀 HIGH POTENTIAL,IMMEDIATE REVIEW,"rights issue, HMETD, hak memesan efek"
28,-,"FOLK Resmi Tuntaskan Private Placement, Raih Dana Rp57 Miliar",2026-01-21,IDX Channel,5,1,0,1,10,25,🚀 HIGH POTENTIAL,IMMEDIATE REVIEW,"HMETD, hak memesan efek, penambahan modal"
104,-,"IRSX Investasi Rp500 M, Gandeng Visinema & MVP Buat Film",2026-01-22,,4,1,0,0,10,24,🚀 HIGH POTENTIAL,IMMEDIATE REVIEW,"rights issue, HMETD, hak memesan efek"
583,-,"SMKM Siap Caplok LSO Holdings, Nilai Akuisisi Capai Rp172,25 Miliar",2026-01-31,IDX Channel,4,0,0,0,10,22,🚀 HIGH POTENTIAL,IMMEDIATE REVIEW,"rights issue, HMETD, hak memesan efek"
406,-,"TBIG Incar Dana Rp1,27 Triliun dari Obligasi Berkelanjutan dan Sukuk Ijarah",2026-01-28,,3,1,0,0,10,21,🚀 HIGH POTENTIAL,IMMEDIATE REVIEW,"obligasi, surat utang, penerbitan obligasi"
116,-,Tjokro Group Bangun Holding Strategis Bernilai Rp900 Miliar,2026-01-22,,2,2,0,0,10,20,🚀 HIGH POTENTIAL,IMMEDIATE REVIEW,"akuisisi, pengambilalihan"
472,-,"Respons MSCI, OJK Siapkan Aturan Baru Free Float Saham",2026-01-29,,2,2,0,0,10,20,🚀 HIGH POTENTIAL,IMMEDIATE REVIEW,"free float, penggabungan"
215,-,Dapen Bank Jateng Terus Lego Saham Adbinsure (YOII) Jelang Rights Issue,2026-01-25,IDX Channel,3,0,0,0,10,19,🚀 HIGH POTENTIAL,IMMEDIATE REVIEW,"rights issue, divestasi, akuisisi"
177,-,"Obligasi Berkelanjutan TOBA Tahap II-2026, Targetkan Dana Rp500 Miliar",2026-01-23,,3,0,0,0,10,19,🚀 HIGH POTENTIAL,IMMEDIATE REVIEW,"obligasi, surat utang, penerbitan obligasi"
456,-,Saiko Consultancy Batal Akuisisi Saham Soraya Berjaya (SPRE),2026-01-29,IDX Channel,3,0,0,0,10,19,🚀 HIGH POTENTIAL,IMMEDIATE REVIEW,"rights issue, akuisisi, pengambilalihan"
117,-,"INET Siapkan Obligasi dan Sukuk Rp1 Triliun, Fokus Perluas Jaringan Internet hin...",2026-01-22,,2,1,0,0,10,18,🚀 HIGH POTENTIAL,IMMEDIATE REVIEW,"obligasi, penerbitan obligasi"
279,-,"Rekomendasi Saham Uptrend Pekan ini: AADI, PGAS, hingga EMAS Layak Dicermati",2026-01-26,,2,1,0,0,10,18,🚀 HIGH POTENTIAL,IMMEDIATE REVIEW,"free float, obligasi"
208,-,"Obligasi BUMI Segera Terbit, Seperti ini Targetnya",2026-01-24,,2,1,0,0,10,18,🚀 HIGH POTENTIAL,IMMEDIATE REVIEW,"obligasi, penerbitan obligasi"
373,-,"Produsen Bir Bintang (MLBI) Ambil Alih 99,9 Persen Saham Karya Distilindo",2026-01-28,IDX Channel,2,1,0,0,10,18,🚀 HIGH POTENTIAL,IMMEDIATE REVIEW,"rights issue, akuisisi"
55,-,"MEJA Siap Akuisisi Rp1,6 Triliun, Ekspansi ke Sektor Energi",2026-01-21,,2,1,0,0,10,18,🚀 HIGH POTENTIAL,IMMEDIATE REVIEW,"akuisisi, pengambilalihan"
586,-,"Tambah Armada Crew Boat, ELPI Akuisisi Kapal Senilai Rp38 Miliar",2026-01-31,IDX Channel,2,1,0,0,10,18,🚀 HIGH POTENTIAL,IMMEDIATE REVIEW,"rights issue, akuisisi"
423,-,Rumor CIMB Niaga (BNGA) Jajaki IPO Unit Syariah pada 2028,2026-01-29,IDX Channel,1,2,0,0,10,17,🚀 HIGH POTENTIAL,IMMEDIATE REVIEW,merger
194,-,"Mau Dual Listing, Merdeka Gold (EMAS) Dikabarkan Jajaki IPO di Hong Kong",2026-01-24,IDX Channel,1,2,0,0,10,17,🚀 HIGH POTENTIAL,IMMEDIATE REVIEW,merger
293,-,"Berkat Transformasi Digital, Kinerja Operasional IPCC Tumbuh 15 Persen Sepanjang...",2026-01-27,IDX Channel,1,2,0,0,10,17,🚀 HIGH POTENTIAL,IMMEDIATE REVIEW,merger
328,-,"Diisukan Dapat Modal USD250 Juta, TPIA Masih Jalan di Tempat",2026-01-27,,2,0,0,0,10,16,🚀 HIGH POTENTIAL,IMMEDIATE REVIEW,"merger, akuisisi"
166,-,"Investor Baru Negoisasi Akuisisi 59,24 Persen Saham DPUM",2026-01-23,,2,0,0,0,10,16,🚀 HIGH POTENTIAL,IMMEDIATE REVIEW,"akuisisi, pengambilalihan"
237,-,Pengendali Baru BOGA Tawarkan Harga MTO Rp529 per Saham,2026-01-26,IDX Channel,2,0,0,0,10,16,🚀 HIGH POTENTIAL,IMMEDIATE REVIEW,"akuisisi, pengambilalihan"
272,-,"Punya Pengendali Baru, Saham ASLI Malah Anjlok",2026-01-26,,2,2,0,2,10,16,🚀 HIGH POTENTIAL,IMMEDIATE REVIEW,"akuisisi, pengambilalihan"
210,-,Wall Street Pekan Depan Dibayangi Laporan Keuangan dan Arah Suku Bunga Acuan,2026-01-25,IDX Channel,2,0,0,0,10,16,🚀 HIGH POTENTIAL,IMMEDIATE REVIEW,"obligasi, akuisisi"
252,-,Indonet (EDGE) Kembali Setor Modal Anak Usaha Rp283 Miliar untuk Bangun Data Cen...,2026-01-26,IDX Channel,2,0,0,0,10,16,🚀 HIGH POTENTIAL,IMMEDIATE REVIEW,"investor strategis, akuisisi"
244,-,"Tutup Defisit APBN, Kemenkeu Bidik Rp25 Triliun dari Penjualan ORI029",2026-01-26,IDX Channel,2,0,0,0,10,16,🚀 HIGH POTENTIAL,IMMEDIATE REVIEW,"obligasi, surat utang"
584,-,"Deretan Saham Top Gainers Pekan Ini, ELPI Melonjak 69,28 Persen",2026-01-31,IDX Channel,2,0,0,0,10,16,🚀 HIGH POTENTIAL,IMMEDIATE REVIEW,"free float, akuisisi"
566,-,Indonesia Crypto Outlook 2026:Literasi dan Kolaborasi Industri,2026-01-30,,2,0,0,0,10,16,🚀 HIGH POTENTIAL,IMMEDIATE REVIEW,"strategic investor, akuisisi"
157,-,Rama Indonesia Berencana Caplok 59 Persen Saham Dua Putra (DPUM),2026-01-23,IDX Channel,2,0,0,0,10,16,🚀 HIGH POTENTIAL,IMMEDIATE REVIEW,"rights issue, akuisisi"
437,-,"BEI Bakal Revisi Aturan Free Float Jadi 15 Persen, Berlaku Bulan Depan",2026-01-29,IDX Channel,1,1,0,0,10,15,🚀 HIGH POTENTIAL,IMMEDIATE REVIEW,free float
386,-,Emerging vs Frontier Market: ini Perbedaan Status Indonesia di MSCI,2026-01-28,,1,1,0,0,10,15,🚀 HIGH POTENTIAL,IMMEDIATE REVIEW,free float
403,-,"IHSG Rontok Bersamaan Hasil MSCI, BEI Buka Suara",2026-01-28,,1,1,0,0,10,15,🚀 HIGH POTENTIAL,IMMEDIATE REVIEW,free float
557,-,Goldman Sachs Turunkan Rating Saham RI Usai Pengumuman MSCI,2026-01-30,,1,1,0,0,10,15,🚀 HIGH POTENTIAL,IMMEDIATE REVIEW,free float
563,-,Grup Sinarmas (DSSA) Keluarkan Jurus Stock Split,2026-01-30,,1,1,0,0,10,15,🚀 HIGH POTENTIAL,IMMEDIATE REVIEW,stock split
39,-,"UFC Masuk Vidio–NEX, EMTK Perkuat Mesin Konten Premium 2026",2026-01-21,,1,1,0,0,10,15,🚀 HIGH POTENTIAL,IMMEDIATE REVIEW,akuisisi
46,-,"Di Balik Pencabutan Izin Martabe, Ada Ancaman ke Laba dan Kas UNTR",2026-01-21,,1,1,0,0,10,15,🚀 HIGH POTENTIAL,IMMEDIATE REVIEW,akuisisi
479,-,"Reli Emas Menguat, Sejumlah Saham Tambang Diproyeksikan Ikut Terangkat",2026-01-29,,1,1,0,0,10,15,🚀 HIGH POTENTIAL,IMMEDIATE REVIEW,obligasi
538,-,"Pasar Bergejolak, Hermina (HEAL) Siapkan Buyback Rp200 Miliar",2026-01-30,IDX Channel,1,1,0,0,10,15,🚀 HIGH POTENTIAL,IMMEDIATE REVIEW,tambahan modal
471,-,"OJK Siapkan Aturan Free Float 15 Persen, Intip Daftar Saham yang Masih di Bawah ...",2026-01-29,,1,1,0,0,10,15,🚀 HIGH POTENTIAL,IMMEDIATE REVIEW,free float
76,-,Daaz Bara Lestari (DAAZ) Milik Siapa? Simak Profil Emiten dan Sosok Pengendaliny...,2026-01-22,IDX Channel,1,1,0,0,10,15,🚀 HIGH POTENTIAL,IMMEDIATE REVIEW,akuisisi
350,-,Dirut BEI Sebut IHSG Turun 8 Persen Akibat Investor Panic Selling Pasca Pengumum...,2026-01-28,IDX Channel,1,1,0,0,10,15,🚀 HIGH POTENTIAL,IMMEDIATE REVIEW,free float
342,-,"CASS Likuidasi Anak Usaha, Cinta Airport Flores Pengelola Bandara Komodo",2026-01-28,IDX Channel,1,1,0,0,10,15,🚀 HIGH POTENTIAL,IMMEDIATE REVIEW,akuisisi
341,-,RUPSLB Chandra Asri (TPIA) Umumkan Susunan Direktur dan Komisaris Terbaru,2026-01-28,IDX Channel,1,1,0,0,10,15,🚀 HIGH POTENTIAL,IMMEDIATE REVIEW,akuisisi
162,-,"ZATA Siapkan Divestasi Aset saat Penjualan Turun 7,8 Persen",2026-01-23,,1,1,0,0,10,15,🚀 HIGH POTENTIAL,IMMEDIATE REVIEW,divestasi
388,-,Bos BEI Respons MSCI Tetapkan Freeze Rebalancing Februari,2026-01-28,,1,1,0,0,10,15,🚀 HIGH POTENTIAL,IMMEDIATE REVIEW,free float
253,-,IHSG Diprediksi Bergerak Konsolidasi pada Pekan Ini,2026-01-26,IDX Channel,1,1,0,0,10,15,🚀 HIGH POTENTIAL,IMMEDIATE REVIEW,free float
14,-,"Indokripto (COIN) Belum Gunakan Dana IPO, Ini Alasannya",2026-01-21,IDX Channel,1,1,0,0,10,15,🚀 HIGH POTENTIAL,IMMEDIATE REVIEW,merger
277,-,IHSG Turun ke 8.000-an Lagi: Wacana Formula Baru MSCI Biang Keroknya,2026-01-26,,1,1,0,0,10,15,🚀 HIGH POTENTIAL,IMMEDIATE REVIEW,free float
143,-,"Unilever (UNVR) Gelar RUPSLB Pertengahan Februari 2026, Ini Agenda yang Dibahas",2026-01-23,IDX Channel,1,1,0,0,10,15,🚀 HIGH POTENTIAL,IMMEDIATE REVIEW,divestasi
365,-,"IHSG Turun Tajam Akibat Isu MSCI, Analis Soroti WIIM hingga ERAA",2026-01-28,IDX Channel,1,1,0,0,10,15,🚀 HIGH POTENTIAL,IMMEDIATE REVIEW,free float
395,-,"MSCI Ngambek soal Transparansi Data Investor, Masalah Sementara atau Alarm Seriu...",2026-01-28,,1,1,1,1,10,14,🚀 HIGH POTENTIAL,IMMEDIATE REVIEW,free float
123,-,"Wall Street Mulai Tenang, Tapi Bayang-Bayang Trump Masih Menggantung",2026-01-22,,2,0,0,1,10,14,🚀 HIGH POTENTIAL,IMMEDIATE REVIEW,"obligasi, surat utang"
125,-,"Minta Restu Akuisisi hingga Rights Issue, BABY Tunda RUPSLB hingga Februari",2026-01-23,IDX Channel,2,0,0,1,10,14,🚀 HIGH POTENTIAL,IMMEDIATE REVIEW,"rights issue, akuisisi"
544,-,"Pimpinan OJK Mundur, Pengamat: Bisa Bawa Dampak Psikologis yang Kuat",2026-01-30,,1,0,1,0,10,14,🚀 HIGH POTENTIAL,IMMEDIATE REVIEW,free float
241,-,Harga Emas Dunia Diprediksi Tembus USD6.000 pada Akhir 2026,2026-01-26,IDX Channel,2,0,0,1,10,14,🚀 HIGH POTENTIAL,IMMEDIATE REVIEW,"obligasi, bond"
164,-,"Mau IPO di Hong Kong, EMAS Tunjukkan Kilaunya",2026-01-23,,0,2,0,0,10,14,🚀 HIGH POTENTIAL,IMMEDIATE REVIEW,-
384,-,"Terkoreksi Empat Persen, AKRA Besok Bergerak Cenderung Sideways",2026-01-28,,2,0,0,1,10,14,🚀 HIGH POTENTIAL,IMMEDIATE REVIEW,"divestasi, penjualan saham"
404,-,Isu MSCI Jadi Pemantik Jual Massal Saham-saham Konglomerat,2026-01-28,,1,1,1,1,10,14,🚀 HIGH POTENTIAL,IMMEDIATE REVIEW,free float
339,-,"Wall Street Dibuka Semringah, S&P Tembus Level 7.000 untuk Pertama Kalinya",2026-01-28,IDX Channel,1,0,0,0,10,13,🚀 HIGH POTENTIAL,IMMEDIATE REVIEW,akuisisi
345,-,Tantangan Menanti di Juni Mendatang Usai Rebalancing MSCI untuk Saham RI Dibekuk...,2026-01-28,IDX Channel,1,0,0,0,10,13,🚀 HIGH POTENTIAL,IMMEDIATE REVIEW,free float
348,-,"BEI Ungkap Pasar Modal RI Berisiko Turun ke Kategori Frontier Market, Setara Vie...",2026-01-28,IDX Channel,1,0,0,0,10,13,🚀 HIGH POTENTIAL,IMMEDIATE REVIEW,free float
180,-,"Dolar AS Turun, Pasar Global Tenang Setelah Gejolak Greenland",2026-01-23,,1,0,0,0,10,13,🚀 HIGH POTENTIAL,IMMEDIATE REVIEW,obligasi
212,-,Komisaris Mutu International (MUTU) Firdaus Meninggal Dunia,2026-01-25,IDX Channel,1,0,0,0,10,13,🚀 HIGH POTENTIAL,IMMEDIATE REVIEW,private placement
182,-,Risiko Investor Beli Saham yang Punya Masalah Ekologi,2026-01-23,,1,0,0,0,10,13,🚀 HIGH POTENTIAL,IMMEDIATE REVIEW,obligasi
185,-,"Tensi Geopolitik Memanas, Rupiah Rawan Tertekan",2026-01-24,IDX Channel,1,0,0,0,10,13,🚀 HIGH POTENTIAL,IMMEDIATE REVIEW,obligasi
171,-,Folago (IRSX) Kembangkan Mikro Drama ala 'Drachin',2026-01-23,,1,0,0,0,10,13,🚀 HIGH POTENTIAL,IMMEDIATE REVIEW,akuisisi
184,-,"Wall Street Pulih, Sinyal Damai Tarif Redam Volatilitas Pasar",2026-01-23,,1,0,0,0,10,13,🚀 HIGH POTENTIAL,IMMEDIATE REVIEW,akuisisi
6,-,"BULL Balik Arah Usai Kena UMA, Saham ELIT Tancap Gas",2026-01-21,IDX Channel,1,0,0,0,10,13,🚀 HIGH POTENTIAL,IMMEDIATE REVIEW,free float
592,-,"Segera Hangus, 10 Waran Terstruktur Ini Delisting Pertengahan Februari",2026-01-31,IDX Channel,1,0,0,0,10,13,🚀 HIGH POTENTIAL,IMMEDIATE REVIEW,free float
108,-,"Pantau, UNTR Gelontorkan Rp2 Triliun buat Buyback Saham",2026-01-22,,1,0,0,0,10,13,🚀 HIGH POTENTIAL,IMMEDIATE REVIEW,free float
449,-,"Harga Naik Tak Wajar, Saham Buana Artha (STAR) Dikunci Bursa",2026-01-29,IDX Channel,1,0,0,0,10,13,🚀 HIGH POTENTIAL,IMMEDIATE REVIEW,free float
436,-,"Plaza Indonesia (PLIN) Gelar RUPSLB 20 Februari 2026, Ini Agendanya",2026-01-29,IDX Channel,1,1,0,1,10,13,🚀 HIGH POTENTIAL,IMMEDIATE REVIEW,free float
440,-,OJK-BEI Siap Tindaklanjuti Masukan MSCI soal Transparansi Kepemilikan Saham,2026-01-29,IDX Channel,1,0,0,0,10,13,🚀 HIGH POTENTIAL,IMMEDIATE REVIEW,free float
421,-,"OJK Sambut Positif Masukan MSCI, Siapkan Tiga Langkah Reformasi Pasar Modal",2026-01-29,IDX Channel,1,0,0,0,10,13,🚀 HIGH POTENTIAL,IMMEDIATE REVIEW,free float
528,-,"Breaking News, Direktur Utama BEI Iman Rachman Mundur",2026-01-30,IDX Channel,1,0,0,0,10,13,🚀 HIGH POTENTIAL,IMMEDIATE REVIEW,free float
530,-,DSSA Berencana Stock Split dengan Rasio 1:25,2026-01-30,IDX Channel,1,0,0,0,10,13,🚀 HIGH POTENTIAL,IMMEDIATE REVIEW,stock split
521,-,"Gejolak MSCI Bayangi Pasar, Risiko Outflow Masih Mengintai",2026-01-30,IDX Channel,1,0,0,0,10,13,🚀 HIGH POTENTIAL,IMMEDIATE REVIEW,free float
504,-,"Airlangga soal Free Float Naik Jadi 15 Persen: Investasi Masuk, Likuiditas Menin...",2026-01-30,IDX Channel,1,0,0,0,10,13,🚀 HIGH POTENTIAL,IMMEDIATE REVIEW,free float
487,-,Wakil Ketua OJK Mirza Adityaswara Mundur,2026-01-30,IDX Channel,1,0,0,0,10,13,🚀 HIGH POTENTIAL,IMMEDIATE REVIEW,free float
473,-,BCA (BBCA) Umumkan Buyback Saham Senilai Rp5 Triliun,2026-01-29,,1,0,0,0,10,13,🚀 HIGH POTENTIAL,IMMEDIATE REVIEW,free float
506,-,"Perluas Target Bisnis, MNC Asset Management Bidik Penambahan APERD di 2026",2026-01-30,IDX Channel,1,0,0,0,10,13,🚀 HIGH POTENTIAL,IMMEDIATE REVIEW,akuisisi
475,-,BEI Siap Temui MSCI Dalam Waktu Dekat,2026-01-29,,1,0,0,0,10,13,🚀 HIGH POTENTIAL,IMMEDIATE REVIEW,free float
595,-,Jumlah Investor Pasar Modal Capai 21 Juta per Januari 2026,2026-01-31,IDX Channel,1,0,0,0,10,13,🚀 HIGH POTENTIAL,IMMEDIATE REVIEW,free float
599,-,"Pasar Modal di Persimpangan, IBC Beri Enam Rekomendasi Strategis",2026-01-31,,1,0,0,0,10,13,🚀 HIGH POTENTIAL,IMMEDIATE REVIEW,free float
474,-,BEI dan OJK Diminta Ambil Langkah Konkret untuk Redam Kecemasan Pasar Saham,2026-01-29,,1,0,0,0,10,13,🚀 HIGH POTENTIAL,IMMEDIATE REVIEW,free float
564,-,Terguncang Usai Bos BEI Mundur: IHSG Cerminkan Kepanikan Pasar,2026-01-30,,1,0,0,0,10,13,🚀 HIGH POTENTIAL,IMMEDIATE REVIEW,free float
578,-,"Erajaya (ERAA) Pacu Ekspansi ke Active Lifestyle dan EV, Intip Prospeknya",2026-01-31,IDX Channel,1,0,0,0,10,13,🚀 HIGH POTENTIAL,IMMEDIATE REVIEW,akuisisi
569,-,IHSG Menguat di Tengah Klarifikasi soal MSCI: Asing Masih Catatkan Net Sell,2026-01-30,,1,0,0,0,10,13,🚀 HIGH POTENTIAL,IMMEDIATE REVIEW,free float
559,-,Pengamat Sebut Gejolak IHSG Masuk Fase Kritis,2026-01-30,,1,0,0,0,10,13,🚀 HIGH POTENTIAL,IMMEDIATE REVIEW,free float
543,-,"Komisaris dan Direksi TOWR Kompak Jual Saham, Ada Apa?",2026-01-30,,1,0,0,0,10,13,🚀 HIGH POTENTIAL,IMMEDIATE REVIEW,divestasi
515,-,"Iman Rachman Mundur dari Dirut BEI, OJK : Bentuk Tanggung Jawab Moral",2026-01-30,IDX Channel,1,0,0,0,10,13,🚀 HIGH POTENTIAL,IMMEDIATE REVIEW,free float
526,-,"Dirut BEI Iman Rachman Mundur, Titip Harapan Agar Pasar Modal Terus Membaik",2026-01-30,IDX Channel,1,0,0,0,10,13,🚀 HIGH POTENTIAL,IMMEDIATE REVIEW,free float
22,-,Bursa Asia Melemah Lagi di Tengah Jatuhnya Wall Street,2026-01-21,IDX Channel,1,0,0,0,10,13,🚀 HIGH POTENTIAL,IMMEDIATE REVIEW,obligasi
346,-,"IHSG Turun hingga 8 Persen Imbas Pengumuman MSCI, Purbaya Beri Respons Begini",2026-01-28,IDX Channel,1,0,0,0,10,13,🚀 HIGH POTENTIAL,IMMEDIATE REVIEW,free float
340,-,BEI Ungkap Strategi Redam Gejolak Pasar Pascapengumuman MSCI,2026-01-28,IDX Channel,1,0,0,0,10,13,🚀 HIGH POTENTIAL,IMMEDIATE REVIEW,free float
259,-,Emiten Konstruksi Asri (ASLI) Sambut WKM Sebagai Pengendali Baru,2026-01-26,IDX Channel,1,0,0,0,10,13,🚀 HIGH POTENTIAL,IMMEDIATE REVIEW,pengambilalihan
354,-,"Apa Itu MSCI: Bikin IHSG Turun, Ini Dampak Indeksnya Bagi Saham dan Investor",2026-01-28,IDX Channel,1,0,0,0,10,13,🚀 HIGH POTENTIAL,IMMEDIATE REVIEW,free float
136,-,"Gandeng Moratelindo (MORA), Triasmitra (KETR) Gelar Kabel Fiber Optik Bawah Laut...",2026-01-23,IDX Channel,1,0,0,0,10,13,🚀 HIGH POTENTIAL,IMMEDIATE REVIEW,merger
390,-,MSCI Minta Transparansi Data Free Float: BEI Minta Investor Tak Perlu Panik!,2026-01-28,,1,1,0,1,10,13,🚀 HIGH POTENTIAL,IMMEDIATE REVIEW,free float
109,-,"MPPA Perkuat Anak Usaha Lewat Injeksi Modal Rp46,65 Miliar, Tujuannya?",2026-01-22,,1,0,0,0,10,13,🚀 HIGH POTENTIAL,IMMEDIATE REVIEW,penambahan modal
401,-,"Nyaris Tak Ada yang Selamat, IHSG Rontok Tujuh Persen",2026-01-28,,1,0,0,0,10,13,🚀 HIGH POTENTIAL,IMMEDIATE REVIEW,free float
372,-,"Harga Melesat, Perdagangan Saham PLAN-LMPI Dihentikan Sementara",2026-01-28,IDX Channel,1,0,0,0,10,13,🚀 HIGH POTENTIAL,IMMEDIATE REVIEW,free float
367,-,"MSCI Bekukan Rebalancing Indeks, Ini Langkah BEI",2026-01-28,IDX Channel,1,0,0,0,10,13,🚀 HIGH POTENTIAL,IMMEDIATE REVIEW,free float
374,-,Peringatan Terbaru dari MSCI: Bekukan Kenaikan Bobot dan Penambahan Saham Indone...,2026-01-28,IDX Channel,1,0,0,0,10,13,🚀 HIGH POTENTIAL,IMMEDIATE REVIEW,free float
122,-,"Emas Makin tak Terbendung, Pasar Dunia Sedang tak Percaya Apa Pun",2026-01-22,,1,0,0,0,10,13,🚀 HIGH POTENTIAL,IMMEDIATE REVIEW,obligasi
426,-,"Analis Sucor Sekuritas: IHSG Terkoreksi, Investor Diminta Lebih Selektif",2026-01-29,IDX Channel,1,0,0,0,10,13,🚀 HIGH POTENTIAL,IMMEDIATE REVIEW,free float
411,-,SUPA Percepat Kredit Digital via Kolaborasi Grab,2026-01-28,,1,0,0,0,10,13,🚀 HIGH POTENTIAL,IMMEDIATE REVIEW,akuisisi
425,-,Pengaturan Free Float 15 Persen Diyakini Bisa Tekan Aksi Saham Gorengan,2026-01-29,IDX Channel,1,0,0,0,10,13,🚀 HIGH POTENTIAL,IMMEDIATE REVIEW,free float
455,-,"Peringatan MSCI Tekan Pasar, Goldman Sachs Downgrade Saham Indonesia",2026-01-29,IDX Channel,1,0,0,0,10,13,🚀 HIGH POTENTIAL,IMMEDIATE REVIEW,free float
460,-,"Ada Badai MSCI, Saham Apa Saja yang Bisa Tahan Banting?",2026-01-29,IDX Channel,1,0,0,0,10,13,🚀 HIGH POTENTIAL,IMMEDIATE REVIEW,free float
452,-,"Pasar Masih Dibayangi Sentimen MSCI, Analis Cermati Saham ANTM-ESSA",2026-01-29,IDX Channel,1,0,0,0,10,13,🚀 HIGH POTENTIAL,IMMEDIATE REVIEW,free float
71,-,Paradise Indonesia (INPP) Fokus Strategi Penguatan Portofolio di 2026,2026-01-22,IDX Channel,1,0,0,0,10,13,🚀 HIGH POTENTIAL,IMMEDIATE REVIEW,rights issue
469,-,"Usai Trading Halt, IHSG Ditutup Melemah 1,06 Persen",2026-01-29,,1,0,0,0,10,13,🚀 HIGH POTENTIAL,IMMEDIATE REVIEW,free float
470,-,"IHSG Dua Kali Trading Halt, OJK Pastikan Pasar Terkendali",2026-01-29,,1,0,0,0,10,13,🚀 HIGH POTENTIAL,IMMEDIATE REVIEW,free float
275,-,CBDK Guyur Modal Anak Usaha di Tengah Kas yang Anjlok,2026-01-26,,1,1,0,1,10,13,🚀 HIGH POTENTIAL,IMMEDIATE REVIEW,tambahan modal
127,-,"Saham Undervalued, Asuransi MAG (AMAG) Bakal Buyback Rp90 Miliar",2026-01-23,IDX Channel,1,0,0,0,10,13,🚀 HIGH POTENTIAL,IMMEDIATE REVIEW,free float
145,-,"Bursa Asia Naik Terbatas, Pasar Menanti Keputusan BOJ",2026-01-23,IDX Channel,1,0,0,0,10,13,🚀 HIGH POTENTIAL,IMMEDIATE REVIEW,obligasi
141,-,IHSG Turun 1 Persen di Tengah Kejatuhan Saham Konglo Prajogo Pangestu Cs,2026-01-23,IDX Channel,1,0,0,0,10,13,🚀 HIGH POTENTIAL,IMMEDIATE REVIEW,free float
260,-,"Anak Usaha Butuh Modal Ekspansi, PGJO Gelontorkan Rp5,1 Miliar",2026-01-26,IDX Channel,1,0,0,0,10,13,🚀 HIGH POTENTIAL,IMMEDIATE REVIEW,rights issue
380,-,"Tiga Emiten Gelar RUPS, RAJA Tebar Dividen Interim Rp105 Miliar",2026-01-28,IDX Channel,0,1,0,0,10,12,🚀 HIGH POTENTIAL,IMMEDIATE REVIEW,-
307,-,Startup Hypefast Bidik IPO di BEI pada Pertengahan 2027,2026-01-27,IDX Channel,0,1,0,0,10,12,🚀 HIGH POTENTIAL,IMMEDIATE REVIEW,-
137,-,Bank OCBC NISP (NISP) Salurkan Sustainability Financing Rp113 Miliar untuk Proye...,2026-01-23,IDX Channel,0,1,0,0,10,12,🚀 HIGH POTENTIAL,IMMEDIATE REVIEW,-
10,-,"Saham TOSK Bergerak di Bidang Apa? Penyedia Platform UMKM, Intip Bisnis dan Peng...",2026-01-21,IDX Channel,0,1,0,0,10,12,🚀 HIGH POTENTIAL,IMMEDIATE REVIEW,-
201,-,Penguasaan Analisis Teknikal Jadi Kunci Navigasi Risiko dan Peluang di Pasar Glo...,2026-01-24,IDX Channel,0,1,0,0,10,12,🚀 HIGH POTENTIAL,IMMEDIATE REVIEW,-
12,-,"Izin Tambang Agincourt Dicabut, Laba United Tractors (UNTR) Terancam",2026-01-21,IDX Channel,0,1,0,0,10,12,🚀 HIGH POTENTIAL,IMMEDIATE REVIEW,-
220,-,"MMIX Balik Rugi Jadi Laba, ini Peta Bisnis 2026",2026-01-25,,0,1,0,0,10,12,🚀 HIGH POTENTIAL,IMMEDIATE REVIEW,-
165,-,"WINS Masuk JV Pelayaran Malaysia, Kuasai 49 Persen Saham",2026-01-23,,0,1,0,0,10,12,🚀 HIGH POTENTIAL,IMMEDIATE REVIEW,-
507,-,Danantara Ingin Jadi Pemegang Saham BEI Pasca Demutualisasi,2026-01-30,IDX Channel,0,1,0,0,10,12,🚀 HIGH POTENTIAL,IMMEDIATE REVIEW,-
42,-,"Ekuitas Negatif Jadi Isu Utama, ARTI Tunggu Restu Konversi Utang",2026-01-21,,0,1,0,0,10,12,🚀 HIGH POTENTIAL,IMMEDIATE REVIEW,-
36,-,"Ekspansi Bisnis, Cimory (CMRY) Dirikan Anak Usaha Baru",2026-01-21,IDX Channel,0,1,0,0,10,12,🚀 HIGH POTENTIAL,IMMEDIATE REVIEW,-
560,-,Ada Nama Erwin Ciputra di Kepemilikan Saham CDIA,2026-01-30,,0,1,0,0,10,12,🚀 HIGH POTENTIAL,IMMEDIATE REVIEW,-
553,-,Danantara Siap Jadi Pemegang Saham BEI Setelah Demutualisasi,2026-01-30,,0,1,0,0,10,12,🚀 HIGH POTENTIAL,IMMEDIATE REVIEW,-
50,-,"COIN Tahan Realisasi Dana IPO Rp220,58 Miliar, ini Pertimbangannya",2026-01-21,,0,1,0,0,10,12,🚀 HIGH POTENTIAL,IMMEDIATE REVIEW,-
21,-,"Prabowo Cabut Izin Toba Pulp (INRU) Imbas Langgar Pemanfaatan Lahan Hutan, Ini R...",2026-01-21,IDX Channel,0,1,0,0,10,12,🚀 HIGH POTENTIAL,IMMEDIATE REVIEW,-
64,-,"Kondisi Pasar Fluktuatif, Erajaya (ERAA) Lanjutkan Buyback Rp150 Miliar",2026-01-22,IDX Channel,0,1,0,0,10,12,🚀 HIGH POTENTIAL,IMMEDIATE REVIEW,-
576,-,"Modal Asing Rp12,55 Triliun keluar dari Pasar Keuangan RI di Pekan Terakhir Janu...",2026-01-31,IDX Channel,0,1,0,0,10,12,🚀 HIGH POTENTIAL,IMMEDIATE REVIEW,-
570,-,Efek MSCI: Emiten Prajogo Pangestu dan MNC Konsolidasikan Kepemilikan,2026-01-30,,0,1,0,0,10,12,🚀 HIGH POTENTIAL,IMMEDIATE REVIEW,-
27,-,Prospek INCO-NCKL Cs di Tengah Isu Pemangkasan Kuota Tambang,2026-01-21,IDX Channel,0,1,0,0,10,12,🚀 HIGH POTENTIAL,IMMEDIATE REVIEW,-
429,-,"MSJA Habiskan Dana IPO Rp245,19 Miliar hingga Akhir 2025, Tersisa Segini",2026-01-29,IDX Channel,0,1,0,0,10,12,🚀 HIGH POTENTIAL,IMMEDIATE REVIEW,-
424,-,MDIY Prediksi Pola Belanja Masyarakat Jadi Lebih Awal dan Selektif di 2026,2026-01-29,IDX Channel,0,1,0,0,10,12,🚀 HIGH POTENTIAL,IMMEDIATE REVIEW,-
463,-,BCA (BBCA) Umumkan Rencana Buyback Saham Maksimal Rp5 Triliun,2026-01-29,IDX Channel,0,1,0,0,10,12,🚀 HIGH POTENTIAL,IMMEDIATE REVIEW,-
468,-,"IHSG Sedang Tertekan, OJK Sebut Pemerintah Dukung Reformasi",2026-01-29,,0,1,0,0,10,12,🚀 HIGH POTENTIAL,IMMEDIATE REVIEW,-
531,-,"BNI (BBNI) Umumkan Rencana Buyback Saham Rp1,5 Triliun",2026-01-30,IDX Channel,0,1,0,0,10,12,🚀 HIGH POTENTIAL,IMMEDIATE REVIEW,-
467,-,"Siap-Siap Cek Saldo, Dividen Tunai Interim CDIA Rp1,34 per Saham Cair Hari ini",2026-01-29,IDX Channel,0,1,0,0,10,12,🚀 HIGH POTENTIAL,IMMEDIATE REVIEW,-
400,-,"IHSG Ambles, ini Arah Transaksi Asing hingga Sesi I",2026-01-28,,0,1,0,0,10,12,🚀 HIGH POTENTIAL,IMMEDIATE REVIEW,-
402,-,"Ekspansi WIFI Dimulai, Internet Rakyat 1,4 GHz Siap Komersial",2026-01-28,,0,1,0,0,10,12,🚀 HIGH POTENTIAL,IMMEDIATE REVIEW,-
356,-,"Buyback Tuntas, Ashmore Indonesia (AMOR) Serap 10,6 Juta Saham",2026-01-28,IDX Channel,0,1,0,0,10,12,🚀 HIGH POTENTIAL,IMMEDIATE REVIEW,-
482,-,"Wall Street Melambat, Dolar Coba Bangkit dari Titik Terendah",2026-01-29,,1,0,0,1,10,11,🚀 HIGH POTENTIAL,IMMEDIATE REVIEW,obligasi
478,-,Breaking News! BEI Kembali Berlakukan Trading Halt Pagi ini,2026-01-29,,1,0,0,1,10,11,🚀 HIGH POTENTIAL,IMMEDIATE REVIEW,free float
477,-,"Breaking News! IHSG Turun Delapan Persen, BEI Kembali Berlakukan Trading Halt",2026-01-29,,1,0,0,1,10,11,🚀 HIGH POTENTIAL,IMMEDIATE REVIEW,free float
476,-,"Saham Asia Terpuruk, Emas dan Minyak Jadi Pelarian Investor Global",2026-01-29,,1,0,0,1,10,11,🚀 HIGH POTENTIAL,IMMEDIATE REVIEW,obligasi
537,-,"IHSG Rebound Usai OJK-BEI Respons MSCI, Ini yang Perlu Dicermati Investor",2026-01-30,IDX Channel,1,0,0,1,10,11,🚀 HIGH POTENTIAL,IMMEDIATE REVIEW,free float
532,-,"Gembok Saham Dibuka, RLCO-SIPD Diperdagangkan di Papan FCA",2026-01-30,IDX Channel,1,0,0,1,10,11,🚀 HIGH POTENTIAL,IMMEDIATE REVIEW,free float
65,-,Manulife Investment Management Proyeksi Peluang Investasi di Asia Tetap Kuat di ...,2026-01-22,IDX Channel,1,0,0,1,10,11,🚀 HIGH POTENTIAL,IMMEDIATE REVIEW,obligasi
25,-,"Saham RLCO hingga ZATA Kena Suspensi, Tak Bisa Diperjualbelikan",2026-01-21,IDX Channel,1,0,0,1,10,11,🚀 HIGH POTENTIAL,IMMEDIATE REVIEW,free float
32,-,"Suspensi 8 Saham Dicabut Sekaligus, HUMI-RMKE Pindah ke Papan FCA",2026-01-21,IDX Channel,1,0,0,1,10,11,🚀 HIGH POTENTIAL,IMMEDIATE REVIEW,free float
33,-,"Wall Street Ditutup Anjlok, Tarif Trump soal Greenland Picu Aksi Jual",2026-01-21,IDX Channel,1,0,0,1,10,11,🚀 HIGH POTENTIAL,IMMEDIATE REVIEW,obligasi
550,-,"Dirut BEI Mengundurkan Diri, Menkeu Purbaya: Waktu yang Tepat Serok Saham",2026-01-30,,0,0,1,0,10,11,🚀 HIGH POTENTIAL,IMMEDIATE REVIEW,-
492,-,"10 Saham Top Gainer Jumat 30 Januari 2026, Emiten Tekstil Naik Panggung",2026-01-30,IDX Channel,1,0,0,1,10,11,🚀 HIGH POTENTIAL,IMMEDIATE REVIEW,free float
464,-,"Suspensi Lima Saham Dibuka, IFSH-SOTS Kompak Masuk Papan FCA",2026-01-29,IDX Channel,1,0,0,1,10,11,🚀 HIGH POTENTIAL,IMMEDIATE REVIEW,free float
408,-,"IHSG Anjlok, MSCI Bekukan Penyesuaian Indeks Saham Indonesia",2026-01-28,,1,0,0,1,10,11,🚀 HIGH POTENTIAL,IMMEDIATE REVIEW,free float
405,-,"Saat MSCI Jadi Alarm, Pasar Saham RI Rapuh di Hadapan Modal Asing",2026-01-28,,1,0,0,1,10,11,🚀 HIGH POTENTIAL,IMMEDIATE REVIEW,free float
99,-,Saham BIPI dan SOCI Masuk Papan Pemantauan Khusus,2026-01-22,IDX Channel,1,0,0,1,10,11,🚀 HIGH POTENTIAL,IMMEDIATE REVIEW,free float
102,-,"Suspensi 8 Saham Berakhir Hari Ini, Ada Penghuni Baru Papan FCA",2026-01-22,IDX Channel,1,0,0,1,10,11,🚀 HIGH POTENTIAL,IMMEDIATE REVIEW,free float
110,-,"Tekanan Harga Nikel Masih Membayangi, Ifishdeco Siapkan 2 Jurus ini",2026-01-22,,1,0,0,1,10,11,🚀 HIGH POTENTIAL,IMMEDIATE REVIEW,akuisisi
396,-,Dari Tarif Trump Sampai Metodologi MSCI: Pasar Membeku!,2026-01-28,,1,0,0,1,10,11,🚀 HIGH POTENTIAL,IMMEDIATE REVIEW,free float
458,-,Begini Analisis Saham REAL di Tengah Volatilitas Pasar,2026-01-29,IDX Channel,0,1,1,1,10,11,🚀 HIGH POTENTIAL,IMMEDIATE REVIEW,-
320,-,"Jalan Sempit ADRO ke MSCI 2026, Antara Kapitalisasi dan Risiko Bursa",2026-01-27,,1,0,0,1,10,11,🚀 HIGH POTENTIAL,IMMEDIATE REVIEW,free float
303,-,Narasi MSCI di Balik Gugurnya Saham Konglomerat BUMI-PTRO Cs,2026-01-27,IDX Channel,1,0,0,1,10,11,🚀 HIGH POTENTIAL,IMMEDIATE REVIEW,free float
287,-,Arus Dana MSCI Dinilai Bisa Menopang Stabilitas Rupiah,2026-01-26,,1,0,0,1,10,11,🚀 HIGH POTENTIAL,IMMEDIATE REVIEW,obligasi
246,-,"Perkuat Bisnis MICE, CBDK Suntik Modal Anak Usaha Rp250 Miliar",2026-01-26,IDX Channel,1,0,0,1,10,11,🚀 HIGH POTENTIAL,IMMEDIATE REVIEW,rights issue
149,-,"Saham GOLF hingga PGUN Masuk Radar UMA, Investor Diminta Cermati Fundamental",2026-01-23,IDX Channel,1,0,0,1,10,11,🚀 HIGH POTENTIAL,IMMEDIATE REVIEW,free float
155,-,"Gembok Enam Saham Dibuka Jelang Akhir Pekan, ARKO-LEAD Masuk Papan FCA",2026-01-23,IDX Channel,1,0,0,1,10,11,🚀 HIGH POTENTIAL,IMMEDIATE REVIEW,free float
174,-,"Nikkei Cs Menguat, Pasar Asia Dibuka Positif",2026-01-23,,1,0,0,1,10,11,🚀 HIGH POTENTIAL,IMMEDIATE REVIEW,obligasi
218,-,Standardisasi Free Float MSCI Dinilai Bisa Dorong Tata Kelola Emiten Lebih Baik,2026-01-25,IDX Channel,1,0,0,1,10,11,🚀 HIGH POTENTIAL,IMMEDIATE REVIEW,free float
230,-,"Prima Globalindo (PPGL) Jual Seluruh Saham JAYA Senilai Rp44,60 Miliar",2026-01-26,IDX Channel,1,0,0,1,10,11,🚀 HIGH POTENTIAL,IMMEDIATE REVIEW,penjualan saham
216,-,MMIX Bidik Pendapatan Tumbuh 10-15 Persen hingga 2030,2026-01-25,IDX Channel,0,0,1,0,10,11,🚀 HIGH POTENTIAL,IMMEDIATE REVIEW,-
198,-,"Sempat Sentuh ATH, IHSG Pekan Ini Melemah 1,37 Persen ke 8.951",2026-01-24,IDX Channel,1,0,0,1,10,11,🚀 HIGH POTENTIAL,IMMEDIATE REVIEW,free float
602,-,"PT PP Raih Kontrak Baru Senilai Rp934,36 Miliar",2026-01-31,,0,0,0,0,10,10,🚀 HIGH POTENTIAL,IMMEDIATE REVIEW,-
601,-,INPP Transformasi Portofolio untuk Perkuat Ketahanan Kinerja,2026-01-31,,0,0,0,0,10,10,🚀 HIGH POTENTIAL,IMMEDIATE REVIEW,-
5,-,"5 Saham Data Center di Bursa Efek Indonesia 2026, Simak Emiten dan Profil Singka...",2026-01-21,IDX Channel,0,0,0,0,10,10,🚀 HIGH POTENTIAL,IMMEDIATE REVIEW,-
34,-,"IHSG Diproyeksi Mixed, Saham Nikel hingga Emas Disorot Analis",2026-01-21,IDX Channel,0,0,0,0,10,10,🚀 HIGH POTENTIAL,IMMEDIATE REVIEW,-
31,-,"Prediksi IHSG Hari Ini, Cek Saham ACES, INCO hingga INKP",2026-01-21,IDX Channel,0,0,0,0,10,10,🚀 HIGH POTENTIAL,IMMEDIATE REVIEW,-
30,-,"Blue Bird (BIRD) Jalin Kolaborasi dengan Tahilalats, Bidik Pelanggan Generasi Mu...",2026-01-21,IDX Channel,0,0,0,0,10,10,🚀 HIGH POTENTIAL,IMMEDIATE REVIEW,-
29,-,"Harga Emas Kian Tak Terbendung di Atas USD4.700, Perak Ikut Pecahkan Rekor",2026-01-21,IDX Channel,0,0,0,0,10,10,🚀 HIGH POTENTIAL,IMMEDIATE REVIEW,-
26,-,"Harga Minyak Naik di Tengah Gangguan Pasokan Kazakhstan, Isu Greenland Membayang...",2026-01-21,IDX Channel,0,0,0,0,10,10,🚀 HIGH POTENTIAL,IMMEDIATE REVIEW,-
23,-,"IHSG Pagi Hari Ini Dibuka Lesu ke 9.094, Turun 0,44 Persen",2026-01-21,IDX Channel,0,0,0,0,10,10,🚀 HIGH POTENTIAL,IMMEDIATE REVIEW,-
562,-,"Laba OCBC NISP Tembus Rp5,06 Triliun Sepanjang 2025",2026-01-30,,0,0,0,0,10,10,🚀 HIGH POTENTIAL,IMMEDIATE REVIEW,-
561,-,PTRO Dirikan Tiga Mesin Cuan Baru,2026-01-30,,0,0,0,0,10,10,🚀 HIGH POTENTIAL,IMMEDIATE REVIEW,-
558,-,"IHSG Pelan-pelan Ke Puncak, Lima Saham ini Terkerek Naik",2026-01-30,,0,0,0,0,10,10,🚀 HIGH POTENTIAL,IMMEDIATE REVIEW,-
556,-,Asing Borong Saham Likuid Sesi I di Tengah Gejolak IHSG,2026-01-30,,0,0,0,0,10,10,🚀 HIGH POTENTIAL,IMMEDIATE REVIEW,-
554,-,"Lima Saham ini Dilepas Asing Rp3,29 Triliun hingga Sesi I",2026-01-30,,0,0,0,0,10,10,🚀 HIGH POTENTIAL,IMMEDIATE REVIEW,-
552,-,"Perhatikan, RMKE bakal Buyback Saham Rp200 Miliar",2026-01-30,,0,0,0,0,10,10,🚀 HIGH POTENTIAL,IMMEDIATE REVIEW,-
209,-,"Perdagangan Saham Sepekan Bervariasi, IHSG Loyo",2026-01-24,,0,0,0,0,10,10,🚀 HIGH POTENTIAL,IMMEDIATE REVIEW,-
207,-,Multivision Plus (RAAM) dan Folago Global (IRSX) Garap Produksi Film Bersama,2026-01-24,,0,0,0,0,10,10,🚀 HIGH POTENTIAL,IMMEDIATE REVIEW,-
206,-,Prajogo Pangestu Terpantau Borong Saham BRPT,2026-01-24,,0,0,0,0,10,10,🚀 HIGH POTENTIAL,IMMEDIATE REVIEW,-
205,-,"Cek Top Gainers Perdagangan Kemarin, Sempat Koleksi?",2026-01-24,,0,0,0,0,10,10,🚀 HIGH POTENTIAL,IMMEDIATE REVIEW,-
203,-,"Net Foreign di Top Gainers dan Losers, Arah Dana ke Mana?",2026-01-24,,0,0,0,0,10,10,🚀 HIGH POTENTIAL,IMMEDIATE REVIEW,-
202,-,Pengamat Prediksi Harga Emas Tembus USD10 Ribu pada 2030,2026-01-24,IDX Channel,0,0,0,0,10,10,🚀 HIGH POTENTIAL,IMMEDIATE REVIEW,-
200,-,"DEWA Realisasikan Buyback 1,04 Miliar Saham, Sisa Dana Rp360 Miliar",2026-01-24,IDX Channel,0,0,0,0,10,10,🚀 HIGH POTENTIAL,IMMEDIATE REVIEW,-
197,-,"Harga Emas Kian Dekat USD5.000, Perak Tembus Rekor USD100",2026-01-24,IDX Channel,0,0,0,0,10,10,🚀 HIGH POTENTIAL,IMMEDIATE REVIEW,-
196,-,"BEI Tegaskan Investasi Saham Bukan Judi, Pasar Modal Syariah Jadi Bukti",2026-01-24,IDX Channel,0,0,0,0,10,10,🚀 HIGH POTENTIAL,IMMEDIATE REVIEW,-
195,-,Saham BBCA hingga BUMI Jadi Sasaran Jual Asing Sepekan,2026-01-24,IDX Channel,0,0,0,0,10,10,🚀 HIGH POTENTIAL,IMMEDIATE REVIEW,-
594,-,Tekanan IHSG Diproyeksi Masih Berlanjut pada Pekan Depan,2026-01-31,IDX Channel,0,0,0,0,10,10,🚀 HIGH POTENTIAL,IMMEDIATE REVIEW,-
593,-,"Pemerintah Naikkan Porsi Investasi Dapen dan Asuransi, Optimisme Pasar Meningkat",2026-01-31,IDX Channel,0,0,0,0,10,10,🚀 HIGH POTENTIAL,IMMEDIATE REVIEW,-
591,-,Pefindo Tetapkan Peringkat DEWA idA dengan Prospek Stabil,2026-01-31,IDX Channel,0,0,0,0,10,10,🚀 HIGH POTENTIAL,IMMEDIATE REVIEW,-
219,-,Foreign Flow PTRO Berbalik dalam Lima Hari Terakhir,2026-01-25,,0,0,0,0,10,10,🚀 HIGH POTENTIAL,IMMEDIATE REVIEW,-
217,-,"IHSG Diprediksi Rawan Terkoreksi di Awal Pekan, Intip Saham Rekomendasi",2026-01-25,IDX Channel,0,0,0,0,10,10,🚀 HIGH POTENTIAL,IMMEDIATE REVIEW,-
214,-,ANJT Pastikan Penutupan Tiga Anak Usaha Tidak Pengaruhi Kinerja Induk,2026-01-25,IDX Channel,0,0,0,0,10,10,🚀 HIGH POTENTIAL,IMMEDIATE REVIEW,-
213,-,WTON Suplai Beton untuk Proyek MRT Jakarta Fase 2A,2026-01-25,IDX Channel,0,0,0,0,10,10,🚀 HIGH POTENTIAL,IMMEDIATE REVIEW,-
193,-,Deretan Saham Top Gainers Pekan Ini: RMKO Melesat 133 Persen,2026-01-24,IDX Channel,0,0,0,0,10,10,🚀 HIGH POTENTIAL,IMMEDIATE REVIEW,-
192,-,"Harga Minyak Naik Lebih 2 Persen Sepekan, AS Kerahkan Armada ke Iran dan Perketa...",2026-01-24,IDX Channel,0,0,0,0,10,10,🚀 HIGH POTENTIAL,IMMEDIATE REVIEW,-
191,-,Rencana Indonesia Pangkas Produksi Nikel Berpotensi Dongkrak Harga,2026-01-24,IDX Channel,0,0,0,0,10,10,🚀 HIGH POTENTIAL,IMMEDIATE REVIEW,-
187,-,Harga Minyak Sawit (CPO) Naik Tiga Pekan Beruntun,2026-01-24,IDX Channel,0,0,0,0,10,10,🚀 HIGH POTENTIAL,IMMEDIATE REVIEW,-
186,-,"Pasar Modal RI Tak Lagi Mengekor Asing, IHSG Diprediksi Tembus 10.000",2026-01-24,IDX Channel,0,0,0,0,10,10,🚀 HIGH POTENTIAL,IMMEDIATE REVIEW,-
183,-,"Safe Haven Kembali Diburu, Harga Emas Menembus Rekor Historis",2026-01-23,,0,0,0,0,10,10,🚀 HIGH POTENTIAL,IMMEDIATE REVIEW,-
181,-,"Reli Terhenti, Minyak Terkoreksi di Tengah Kenaikan Persediaan",2026-01-23,,0,0,0,0,10,10,🚀 HIGH POTENTIAL,IMMEDIATE REVIEW,-
179,-,Bursa Saham dan Mata Uang Asia Terdorong Optimisme Global,2026-01-23,,0,0,0,0,10,10,🚀 HIGH POTENTIAL,IMMEDIATE REVIEW,-
238,-,Rupiah Sore Hari Ini Ditutup Bergairah ke Rp16.782 per USD,2026-01-26,IDX Channel,0,0,0,0,10,10,🚀 HIGH POTENTIAL,IMMEDIATE REVIEW,-
236,-,"Masuk 2026, Astragraphia (ASGR) Kembangkan Solusi Percetakan Digital di Bawah Rp...",2026-01-26,IDX Channel,0,0,0,0,10,10,🚀 HIGH POTENTIAL,IMMEDIATE REVIEW,-
235,-,"IHSG Ditutup Bertenaga, Naik Tipis 0,27 Persen ke 8.975",2026-01-26,IDX Channel,0,0,0,0,10,10,🚀 HIGH POTENTIAL,IMMEDIATE REVIEW,-
234,-,"Lagi, Prajogo Pangestu Borong Saham BREN, BRPT dan CUAN",2026-01-26,IDX Channel,0,0,0,0,10,10,🚀 HIGH POTENTIAL,IMMEDIATE REVIEW,-
233,-,"Saham JAST Bergerak di Bidang Apa? Emiten Telekomunikasi Bisnis, Intip Profil Bi...",2026-01-26,IDX Channel,0,0,0,0,10,10,🚀 HIGH POTENTIAL,IMMEDIATE REVIEW,-
232,-,"5 Saham Kawasan Industri yang Dapat Dicermati Investor, Ini Emiten dan Profilnya",2026-01-26,IDX Channel,0,0,0,0,10,10,🚀 HIGH POTENTIAL,IMMEDIATE REVIEW,-
231,-,10 Saham Top Gainers dan Top Losers Perdagangan Senin 26 Januari 2026,2026-01-26,IDX Channel,0,0,0,0,10,10,🚀 HIGH POTENTIAL,IMMEDIATE REVIEW,-
229,-,"Wall Street Dibuka Beragam, Investor Cermati Laporan Keuangan Big Tech",2026-01-26,IDX Channel,0,0,0,0,10,10,🚀 HIGH POTENTIAL,IMMEDIATE REVIEW,-
228,-,"Besok, IHSG Masih Berpotensi Koreksi: ANTM, GTSI, HRTA, TOBA Menarik",2026-01-25,,0,0,0,0,10,10,🚀 HIGH POTENTIAL,IMMEDIATE REVIEW,-
226,-,Entitas Anak Metrodata (MTDL) Jalin Kerja Sama dengan Alibaba Cloud,2026-01-25,,0,0,0,0,10,10,🚀 HIGH POTENTIAL,IMMEDIATE REVIEW,-
225,-,"Kemenperin Beber Ultrajaya (ULTJ) Berinvestasi Rp1,14 Triliun di Program MBG",2026-01-25,,0,0,0,0,10,10,🚀 HIGH POTENTIAL,IMMEDIATE REVIEW,-
224,-,"Tak Ada Kontribusi, ANJT Hentikan Operasional Tiga Anak Usaha",2026-01-25,,0,0,0,0,10,10,🚀 HIGH POTENTIAL,IMMEDIATE REVIEW,-
223,-,BUKA Perkuat Ekosistem Gaming Inklusif Lewat Lapakgaming,2026-01-25,,0,0,0,0,10,10,🚀 HIGH POTENTIAL,IMMEDIATE REVIEW,-
222,-,"Petrosea (PTRO) Prajogo Pangestu Junam ke ARB, Ada Apa?",2026-01-25,,0,0,0,0,10,10,🚀 HIGH POTENTIAL,IMMEDIATE REVIEW,-
221,-,"Ritel Puncaki Top Broker, Begini Dinamikanya",2026-01-25,,0,0,0,0,10,10,🚀 HIGH POTENTIAL,IMMEDIATE REVIEW,-
247,-,Yen Menguat di Tengah Kabar Intervensi Pasar,2026-01-26,IDX Channel,0,0,0,0,10,10,🚀 HIGH POTENTIAL,IMMEDIATE REVIEW,-
175,-,Gen Z dan Trading Kripto: Tren Investasi Berisiko Tinggi,2026-01-23,,0,0,0,0,10,10,🚀 HIGH POTENTIAL,IMMEDIATE REVIEW,-
173,-,"IHSG Dibuka Menguat Terbatas ke Area 9.014, Tekanan Asing Membayangi",2026-01-23,,0,0,0,0,10,10,🚀 HIGH POTENTIAL,IMMEDIATE REVIEW,-
172,-,"Antre Beli Tebal, LSIP Siap Melaju ke 1.250",2026-01-23,,0,0,0,0,10,10,🚀 HIGH POTENTIAL,IMMEDIATE REVIEW,-
170,-,"Erajaya (ERAA) Siapkan Dana Rp150 Miliar untuk Buyback, Harga Menguat",2026-01-23,,0,0,0,0,10,10,🚀 HIGH POTENTIAL,IMMEDIATE REVIEW,-
169,-,Paradise Indonesia Pede Tutup 2025 Positif: ini Dua Jurusnya!,2026-01-23,,0,0,0,0,10,10,🚀 HIGH POTENTIAL,IMMEDIATE REVIEW,-
168,-,"Tertekan Aksi Profit Taking, Berapa Harga Tepat Lepas INDY?",2026-01-23,,0,0,0,0,10,10,🚀 HIGH POTENTIAL,IMMEDIATE REVIEW,-
163,-,"Gandeng MORA, KETR Gelar Kabel Laut Jakarta–Batam–Singapura",2026-01-23,,0,0,0,0,10,10,🚀 HIGH POTENTIAL,IMMEDIATE REVIEW,-
240,-,"MPXL Kantongi Kontrak Tripartit Pengelolaan Limbah Abu Batu Bara, Nilai Proyek R...",2026-01-26,IDX Channel,0,0,0,0,10,10,🚀 HIGH POTENTIAL,IMMEDIATE REVIEW,-
239,-,"Saham RMKO Bergerak di Bidang Apa? Kontraktor Tambang, Begini Lini Bisnisnya",2026-01-26,IDX Channel,0,0,0,0,10,10,🚀 HIGH POTENTIAL,IMMEDIATE REVIEW,-
549,-,"Perkuat Portofolio, Metrodata (MTDL) Luncurkan Layanan Cloud",2026-01-30,,0,0,0,0,10,10,🚀 HIGH POTENTIAL,IMMEDIATE REVIEW,-
547,-,"Didorong BSD City, Prapenjualan BSDE Sentuh Rp10 Triliun",2026-01-30,,0,0,0,0,10,10,🚀 HIGH POTENTIAL,IMMEDIATE REVIEW,-
48,-,"Tiket Mahal, Konektivitas Tersendat: Krisis Transportasi Udara Domestik",2026-01-21,,0,0,0,0,10,10,🚀 HIGH POTENTIAL,IMMEDIATE REVIEW,-
47,-,"PBPH Disorot Pemerintah, INRU Resahkan Pasokan Bahan Baku",2026-01-21,,0,0,0,0,10,10,🚀 HIGH POTENTIAL,IMMEDIATE REVIEW,-
45,-,"Perluas Arah Bisnis, ACRO Ajukan Paten Sistem Ini",2026-01-21,,0,0,0,0,10,10,🚀 HIGH POTENTIAL,IMMEDIATE REVIEW,-
44,-,"Pemegang Besar Lepas 18,19 Miliar, Saham BUMI Ambles",2026-01-21,,0,0,0,0,10,10,🚀 HIGH POTENTIAL,IMMEDIATE REVIEW,-
43,-,"IHSG Melemah, Ini 10 Saham Peringkat Terbawah Hari Ini, Tekanan Jual Masih Mendo...",2026-01-21,,0,0,0,0,10,10,🚀 HIGH POTENTIAL,IMMEDIATE REVIEW,-
41,-,"NOBU Rombak Direksi, Perbarui Recovery Plan 2026",2026-01-21,,0,0,0,0,10,10,🚀 HIGH POTENTIAL,IMMEDIATE REVIEW,-
40,-,"Entitas Anak PORT Ganti Mata Uang Jadi Rupiah, ini Pertimbangannya",2026-01-21,,0,0,0,0,10,10,🚀 HIGH POTENTIAL,IMMEDIATE REVIEW,-
38,-,"Pendapatan ARTI Susut 67 Persen, Kontrak Rig Berakhir",2026-01-21,,0,0,0,0,10,10,🚀 HIGH POTENTIAL,IMMEDIATE REVIEW,-
35,-,"BEI Soroti Rencana Meikarta Jadi Lokasi Rusun Subsidi, Ini Tanggapan LPCK",2026-01-21,IDX Channel,0,0,0,0,10,10,🚀 HIGH POTENTIAL,IMMEDIATE REVIEW,-
546,-,OJK Beber Plt Dirut BEI Berasal dari Internal Bursa,2026-01-30,,0,0,0,0,10,10,🚀 HIGH POTENTIAL,IMMEDIATE REVIEW,-
268,-,"Urusi Limbah Batu Bara, Segini Peluang Pendapatan MPXL",2026-01-26,,0,0,0,0,10,10,🚀 HIGH POTENTIAL,IMMEDIATE REVIEW,-
267,-,"Deretan Saham Paling Aktif Ditransaksikan Sepekan: BUMI, BUVA, hingga BRMS",2026-01-26,IDX Channel,0,0,0,0,10,10,🚀 HIGH POTENTIAL,IMMEDIATE REVIEW,-
266,-,"IHSG Diprediksi Bergerak Mixed 8.920-9.000, Cek Potensi Cuan Saham MDKA-TLKM",2026-01-26,IDX Channel,0,0,0,0,10,10,🚀 HIGH POTENTIAL,IMMEDIATE REVIEW,-
265,-,"Begini Prediksi IHSG Awal Pekan, Pantau Saham ANTM, HRTA, hingga TOBA",2026-01-26,IDX Channel,0,0,0,0,10,10,🚀 HIGH POTENTIAL,IMMEDIATE REVIEW,-
263,-,"Harga Emas Dunia Tembus Rekor USD5.000, Tren Bullish Diproyeksi Berlanjut",2026-01-26,IDX Channel,0,0,0,0,10,10,🚀 HIGH POTENTIAL,IMMEDIATE REVIEW,-
262,-,"Emiten Low Tuck Kwong (MYOH) Masuk ke Bisnis Properti, Siapkan Modal Rp270 Milia...",2026-01-26,IDX Channel,0,0,0,0,10,10,🚀 HIGH POTENTIAL,IMMEDIATE REVIEW,-
261,-,"Valuasi Saham BBCA Dinilai Atraktif, Simak Penjelasan Analis",2026-01-26,IDX Channel,0,0,0,0,10,10,🚀 HIGH POTENTIAL,IMMEDIATE REVIEW,-
256,-,"IHSG Dibuka Hijau ke 8.967, LMPI-GTRA Pimpin Top Gainers",2026-01-26,IDX Channel,0,0,0,0,10,10,🚀 HIGH POTENTIAL,IMMEDIATE REVIEW,-
255,-,"IHSG Berpeluang Rebound, Saham ESSA-ARCI Disorot Analis",2026-01-26,IDX Channel,0,0,0,0,10,10,🚀 HIGH POTENTIAL,IMMEDIATE REVIEW,-
251,-,"Tegaskan Komitmen Berkelanjutan, PTBA Borong Penghargaan Indonesia Green Awards ...",2026-01-26,IDX Channel,0,0,0,0,10,10,🚀 HIGH POTENTIAL,IMMEDIATE REVIEW,-
250,-,"Ultra Voucher (UVCR) Fokus Ekspansi pada 2026, Ini Strateginya",2026-01-26,IDX Channel,0,0,0,0,10,10,🚀 HIGH POTENTIAL,IMMEDIATE REVIEW,-
248,-,"IHSG Jeda Siang Menguat ke 8.972, Sektor Barang Baku Melesat 4,47 Persen",2026-01-26,IDX Channel,0,0,0,0,10,10,🚀 HIGH POTENTIAL,IMMEDIATE REVIEW,-
286,-,"Emas Tembus USD5.000, Apa yang Sedang Terjadi di Pasar Global?",2026-01-26,,0,0,0,0,10,10,🚀 HIGH POTENTIAL,IMMEDIATE REVIEW,-
284,-,"Perak Tembus USD100 per Ons, Gejolak Geopolitik Picu Reli?",2026-01-26,,0,0,0,0,10,10,🚀 HIGH POTENTIAL,IMMEDIATE REVIEW,-
283,-,"Sepekan Perdagangan, Deretan Saham ini Melonjak Tajam",2026-01-26,,0,0,0,0,10,10,🚀 HIGH POTENTIAL,IMMEDIATE REVIEW,-
282,-,"Perak Cetak Rekor, Pasar Cermati Arah Bitcoin",2026-01-26,,0,0,0,0,10,10,🚀 HIGH POTENTIAL,IMMEDIATE REVIEW,-
281,-,"Ambles Sepekan, ini 10 Saham dengan Koreksi Terdalam",2026-01-26,,0,0,0,0,10,10,🚀 HIGH POTENTIAL,IMMEDIATE REVIEW,-
280,-,"IHSG Menguat Tipis ke 8.968, Pelaku Pasar Masih Waspadai Sentimen Global",2026-01-26,,0,0,0,0,10,10,🚀 HIGH POTENTIAL,IMMEDIATE REVIEW,-
278,-,Samindo Resources (MYOH) Dirikan Anak Usaha Sentra Terra Indonesia Bermodal Rp27...,2026-01-26,,0,0,0,0,10,10,🚀 HIGH POTENTIAL,IMMEDIATE REVIEW,-
276,-,"IHSG Kembali Dekati Level 9.000, ANTM Hingga PGEO Hijau",2026-01-26,,0,0,0,0,10,10,🚀 HIGH POTENTIAL,IMMEDIATE REVIEW,-
274,-,"HRUM On Perform, tapi Zona Uji Mulai Muncul: Seperti ini Datanya",2026-01-26,,0,0,0,0,10,10,🚀 HIGH POTENTIAL,IMMEDIATE REVIEW,-
273,-,Industri Kripto RI Masih Rugi: Pedagang Aset Digital Curhat Begini!,2026-01-26,,0,0,0,0,10,10,🚀 HIGH POTENTIAL,IMMEDIATE REVIEW,-
271,-,DPR Soroti Kredit Menganggur BTN dan BNI: Melonjak Capai Rp 2.500 Triliun,2026-01-26,,0,0,0,0,10,10,🚀 HIGH POTENTIAL,IMMEDIATE REVIEW,-
269,-,RMKO Besok Lanjutkan Naik? Ini Area Krusialnya,2026-01-26,,0,0,0,0,10,10,🚀 HIGH POTENTIAL,IMMEDIATE REVIEW,-
147,-,Harga Emas Antam (ANTM) Hari Ini Naik ke Rp2.880.000 per Gram,2026-01-23,IDX Channel,0,0,0,0,10,10,🚀 HIGH POTENTIAL,IMMEDIATE REVIEW,-
306,-,Saham ANTM-BRMS Cs Terimbas Aksi Ambil Untung,2026-01-27,IDX Channel,0,0,0,0,10,10,🚀 HIGH POTENTIAL,IMMEDIATE REVIEW,-
305,-,"DPR Gelar Rapat Paripurna, Sahkan Thomas Djiwandono Jadi Deputi Gubernur BI",2026-01-27,IDX Channel,0,0,0,0,10,10,🚀 HIGH POTENTIAL,IMMEDIATE REVIEW,-
304,-,"BEI Rombak IDX30, LQ45, dan IDX80, Ada BUMI hingga BREN",2026-01-27,IDX Channel,0,0,0,0,10,10,🚀 HIGH POTENTIAL,IMMEDIATE REVIEW,-
302,-,"IHSG Sesi I Ditutup Turun 0,6 Persen, Saham BBCA Kembali Tertekan",2026-01-27,IDX Channel,0,0,0,0,10,10,🚀 HIGH POTENTIAL,IMMEDIATE REVIEW,-
301,-,Elnusa (ELSA) Percepat Jasa Eksplorasi Migas di Indonesia Timur dengan Penguatan...,2026-01-27,IDX Channel,0,0,0,0,10,10,🚀 HIGH POTENTIAL,IMMEDIATE REVIEW,-
300,-,Catatan Analis soal Aksi Erajaya (ERAA) Buyback Saham Rp150 Miliar,2026-01-27,IDX Channel,0,0,0,0,10,10,🚀 HIGH POTENTIAL,IMMEDIATE REVIEW,-
299,-,Erwin Ciputra Borong Saham PTRO saat Harga Terus Tertekan,2026-01-27,IDX Channel,0,0,0,0,10,10,🚀 HIGH POTENTIAL,IMMEDIATE REVIEW,-
298,-,"Harga CPO Kembali Menguat, Ekspor dan Produksi Jadi Penopang",2026-01-27,IDX Channel,0,0,0,0,10,10,🚀 HIGH POTENTIAL,IMMEDIATE REVIEW,-
296,-,Rupiah Hari Ini Ditutup Menguat ke Rp16.768 per Dolar AS,2026-01-27,IDX Channel,0,0,0,0,10,10,🚀 HIGH POTENTIAL,IMMEDIATE REVIEW,-
295,-,"IHSG Ditutup Hijau ke 8.980, LAJU-INAI Pimpin Top Gainers",2026-01-27,IDX Channel,0,0,0,0,10,10,🚀 HIGH POTENTIAL,IMMEDIATE REVIEW,-
294,-,Dua Anak Usaha INDY Dirikan Perusahaan Baru di Bidang Penunjang Pertambangan,2026-01-27,IDX Channel,0,0,0,0,10,10,🚀 HIGH POTENTIAL,IMMEDIATE REVIEW,-
292,-,"WIFI Sukses Jalani Uji Coba Layanan FWA 1,4 Ghz, Internet Rakyat Siap Diluncurka...",2026-01-27,IDX Channel,0,0,0,0,10,10,🚀 HIGH POTENTIAL,IMMEDIATE REVIEW,-
291,-,RMKE Masuk Pantauan Analis Seiring Proyeksi Kinerja 2026,2026-01-27,IDX Channel,0,0,0,0,10,10,🚀 HIGH POTENTIAL,IMMEDIATE REVIEW,-
290,-,"ASLC Andalkan Ekosistem Lelang–Ritel, Bidik Pertumbuhan Pendapatan Double Digit ...",2026-01-27,IDX Channel,0,0,0,0,10,10,🚀 HIGH POTENTIAL,IMMEDIATE REVIEW,-
312,-,"Harga Minyak Melemah, Pasar Cermati Dampak Badai Musim Dingin",2026-01-27,IDX Channel,0,0,0,0,10,10,🚀 HIGH POTENTIAL,IMMEDIATE REVIEW,-
310,-,"IHSG Hari Ini Dibuka Melemah ke 8.974, PKPK Pimpin Top Losers",2026-01-27,IDX Channel,0,0,0,0,10,10,🚀 HIGH POTENTIAL,IMMEDIATE REVIEW,-
309,-,"Bursa Asia Menguat, Tersengat Penguatan Wall Street",2026-01-27,IDX Channel,0,0,0,0,10,10,🚀 HIGH POTENTIAL,IMMEDIATE REVIEW,-
308,-,"ENRG Temukan Cadangan Baru di WK Malacca Strait, Potensi 31 Juta Barel Minyak",2026-01-27,IDX Channel,0,0,0,0,10,10,🚀 HIGH POTENTIAL,IMMEDIATE REVIEW,-
161,-,WIKA Beton Garap Proyek Trek MRT Rp409 Miliar,2026-01-23,,0,0,0,0,10,10,🚀 HIGH POTENTIAL,IMMEDIATE REVIEW,-
159,-,"Emiten Baja (GDST) Cairkan Dividen Interim Hari Ini, Segini Nilainya",2026-01-23,IDX Channel,0,0,0,0,10,10,🚀 HIGH POTENTIAL,IMMEDIATE REVIEW,-
158,-,"Sanksi Lingkungan Guncang Pasar, Kinerja Emiten Grup Astra Jadi Sorotan",2026-01-23,IDX Channel,0,1,0,1,10,10,🚀 HIGH POTENTIAL,IMMEDIATE REVIEW,-
156,-,Wall Street Ditutup Menghijau Imbas Meredanya Kekhawatiran Tarif Trump Soal Gree...,2026-01-23,IDX Channel,0,0,0,0,10,10,🚀 HIGH POTENTIAL,IMMEDIATE REVIEW,-
154,-,"Prediksi IHSG Jelang Akhir Pekan, Cermati Saham ADRO, BBCA, hingga MAPI",2026-01-23,IDX Channel,0,0,0,0,10,10,🚀 HIGH POTENTIAL,IMMEDIATE REVIEW,-
152,-,"Harga Emas Cetak Rekor di Atas USD4.900, Perak-Platinum Kian Melaju",2026-01-23,IDX Channel,0,0,0,0,10,10,🚀 HIGH POTENTIAL,IMMEDIATE REVIEW,-
150,-,"Harga Minyak Turun 2 Persen, Ancaman Trump soal Greenland-Iran Mereda",2026-01-23,IDX Channel,0,0,0,0,10,10,🚀 HIGH POTENTIAL,IMMEDIATE REVIEW,-
148,-,Prabowo Sebut Indonesia Jadi Titik Terang di Tengah Ekonomi Global yang Menantan...,2026-01-23,IDX Channel,0,0,0,0,10,10,🚀 HIGH POTENTIAL,IMMEDIATE REVIEW,-
542,-,"Hermina (HEAL) Buyback Saham 125 Juta Lembar, Siapkan Dana Segini",2026-01-30,,0,0,0,0,10,10,🚀 HIGH POTENTIAL,IMMEDIATE REVIEW,-
541,-,"Ikut Mahendra-Inarno, Wakil Ketua DK OJK Mundur",2026-01-30,,0,0,0,0,10,10,🚀 HIGH POTENTIAL,IMMEDIATE REVIEW,-
540,-,"IHSG Masih Rawan Terkoreksi di Tengah Sentimen MSCI, Simak Analisa 4 Saham Berik...",2026-01-30,IDX Channel,0,0,0,0,10,10,🚀 HIGH POTENTIAL,IMMEDIATE REVIEW,-
539,-,"Wall Street Mayoritas Ditutup Melemah, Indeks S&P 500 dan Nasdaq Kompak Turun",2026-01-30,IDX Channel,0,0,0,0,10,10,🚀 HIGH POTENTIAL,IMMEDIATE REVIEW,-
536,-,"Pasar Masih Fluktuatif, Allo Bank (BBHI) Lanjutkan Aksi Buyback Rp60,65 Miliar",2026-01-30,IDX Channel,0,0,0,0,10,10,🚀 HIGH POTENTIAL,IMMEDIATE REVIEW,-
533,-,"Harga Minyak Melonjak 3 Persen, Sentuh Level Tertinggi Lima Bulan",2026-01-30,IDX Channel,0,0,0,0,10,10,🚀 HIGH POTENTIAL,IMMEDIATE REVIEW,-
529,-,"IHSG Dibuka Melejit, Saham-Saham Blue Chip hingga Konglo Menghijau",2026-01-30,IDX Channel,0,0,0,0,10,10,🚀 HIGH POTENTIAL,IMMEDIATE REVIEW,-
525,-,IHSG Berayun Tajam Pagi Ini usai Dirut BEI Iman Rachman Mundur,2026-01-30,IDX Channel,0,0,0,0,10,10,🚀 HIGH POTENTIAL,IMMEDIATE REVIEW,-
524,-,"Harga Emas Antam (ANTM) Jelang Akhir Pekan Turun Rp48 Ribu, Cek Lengkapnya",2026-01-30,IDX Channel,0,0,0,0,10,10,🚀 HIGH POTENTIAL,IMMEDIATE REVIEW,-
523,-,Bursa Asia Lesu Jelang Akhir Pekan,2026-01-30,IDX Channel,0,0,0,0,10,10,🚀 HIGH POTENTIAL,IMMEDIATE REVIEW,-
522,-,"Perkuat Ekosistem, PTRO Dirikan Tiga Entitas Usaha Baru di Bidang Konsultasi",2026-01-30,IDX Channel,0,0,0,0,10,10,🚀 HIGH POTENTIAL,IMMEDIATE REVIEW,-
520,-,Komisaris CDI Group Mulai Cicil Saham CDIA,2026-01-30,IDX Channel,0,0,0,0,10,10,🚀 HIGH POTENTIAL,IMMEDIATE REVIEW,-
330,-,IHSG Tertekan: Ada Efek Thomas Djiwandono,2026-01-27,,0,0,0,0,10,10,🚀 HIGH POTENTIAL,IMMEDIATE REVIEW,-
327,-,"Tarik Keluar ITMG-SMGR dari IDX30, EMTK Bentuk Area Konsolidasi",2026-01-27,,0,0,0,0,10,10,🚀 HIGH POTENTIAL,IMMEDIATE REVIEW,-
325,-,Plafon Kredit Industri Padat Karya Turun 30 Persen di 2026,2026-01-27,,0,0,0,0,10,10,🚀 HIGH POTENTIAL,IMMEDIATE REVIEW,-
324,-,DEWA Rebound Kuat Terkerek Isu Re-Klasifikasi?,2026-01-27,,0,0,0,0,10,10,🚀 HIGH POTENTIAL,IMMEDIATE REVIEW,-
323,-,"Asing Aktif Akumulasi, INDY Malah Masuk Daftar UMA",2026-01-27,,0,0,0,0,10,10,🚀 HIGH POTENTIAL,IMMEDIATE REVIEW,-
322,-,"Transaksi JAST Tembus 110 Ribu Kali, Ke Mana Arah Harga Berikutnya?",2026-01-27,,0,0,0,0,10,10,🚀 HIGH POTENTIAL,IMMEDIATE REVIEW,-
321,-,DSSA Hingga BUMI Dorong Penguatan IHSG di Akhir Sesi,2026-01-27,,0,0,0,0,10,10,🚀 HIGH POTENTIAL,IMMEDIATE REVIEW,-
317,-,"Buruan Cek Rekening, Dividen Tunai Interim Rp70,3 Miliar PNGO Cair Hari Ini",2026-01-27,IDX Channel,0,0,0,0,10,10,🚀 HIGH POTENTIAL,IMMEDIATE REVIEW,-
316,-,"IHSG Hari Ini Rawan Terkoreksi, Simak Analisa 4 Saham Berikut",2026-01-27,IDX Channel,0,0,0,0,10,10,🚀 HIGH POTENTIAL,IMMEDIATE REVIEW,-
315,-,"Wall Street Ditutup Menguat, Investor Cermati Kebijakan The Fed dan Laporan Pend...",2026-01-27,IDX Channel,0,0,0,0,10,10,🚀 HIGH POTENTIAL,IMMEDIATE REVIEW,-
314,-,"Harga Emas Dunia Sentuh USD5.100, Geopolitik Picu Aksi Safe Haven",2026-01-27,IDX Channel,0,0,0,0,10,10,🚀 HIGH POTENTIAL,IMMEDIATE REVIEW,-
313,-,Prospek Positif Rapor Emiten CPO di Tengah Risiko Pungutan Ekspor,2026-01-27,IDX Channel,0,0,0,0,10,10,🚀 HIGH POTENTIAL,IMMEDIATE REVIEW,-
131,-,"IHSG Berakhir di Zona Merah, Ditutup ke 8.951",2026-01-23,IDX Channel,0,0,0,0,10,10,🚀 HIGH POTENTIAL,IMMEDIATE REVIEW,-
353,-,"IHSG Sempat Kena Trading Halt, Rupiah Malah Ditutup Menguat ke Rp16.722 per USD",2026-01-28,IDX Channel,0,0,0,0,10,10,🚀 HIGH POTENTIAL,IMMEDIATE REVIEW,-
352,-,"IHSG Berakhir Merah, Turun 7,35 Persen ke 8.320",2026-01-28,IDX Channel,0,0,0,0,10,10,🚀 HIGH POTENTIAL,IMMEDIATE REVIEW,-
351,-,"10 Saham Top Gainers saat IHSG Turun 28 Januari 2026, Intip Daftar Emitennya",2026-01-28,IDX Channel,0,0,0,0,10,10,🚀 HIGH POTENTIAL,IMMEDIATE REVIEW,-
349,-,"Harga CPO Naik Lagi, Bertahan di Level Tertinggi Dua Bulan",2026-01-28,IDX Channel,0,0,0,0,10,10,🚀 HIGH POTENTIAL,IMMEDIATE REVIEW,-
347,-,"Produksi Migas MedcoEnergi (MEDC) Capai 156 MBOEPD Sepanjang 2025, Masih Sesuai ...",2026-01-28,IDX Channel,0,0,0,0,10,10,🚀 HIGH POTENTIAL,IMMEDIATE REVIEW,-
344,-,"IHSG Turun 8 Persen, CEO Danantara Dorong BEI Tindaklanjuti Permintaan MSCI",2026-01-28,IDX Channel,0,0,0,0,10,10,🚀 HIGH POTENTIAL,IMMEDIATE REVIEW,-
343,-,BEI Targetkan Penuhi Permintaan MSCI Sebelum Mei 2026,2026-01-28,IDX Channel,0,0,0,0,10,10,🚀 HIGH POTENTIAL,IMMEDIATE REVIEW,-
338,-,"Tambang Pani Mulai Irigasi Heap Leach, EMAS Targetkan Produksi Perdana di Kuarta...",2026-01-28,IDX Channel,0,0,0,0,10,10,🚀 HIGH POTENTIAL,IMMEDIATE REVIEW,-
337,-,"IHSG Diprediksi Melemah, Empat Saham Ini Dijagokan",2026-01-27,,0,0,0,0,10,10,🚀 HIGH POTENTIAL,IMMEDIATE REVIEW,-
336,-,"Ditopang Indeks S&P 500, Wall Street Ditutup Menguat",2026-01-27,,0,0,0,0,10,10,🚀 HIGH POTENTIAL,IMMEDIATE REVIEW,-
335,-,Komisaris Merdeka Copper Gold Borong Saham MDKA di Harga Rp3.078,2026-01-27,,0,0,0,0,10,10,🚀 HIGH POTENTIAL,IMMEDIATE REVIEW,-
334,-,"Akses Saham AS Dibuka, Valbury Perkuat Ekspansi Layanan Pasar Modal Global",2026-01-27,,0,0,0,0,10,10,🚀 HIGH POTENTIAL,IMMEDIATE REVIEW,-
333,-,"Efisiensi Energi dan Ekspansi Pabrik, CLEO Pangkas Emisi",2026-01-27,,0,0,0,0,10,10,🚀 HIGH POTENTIAL,IMMEDIATE REVIEW,-
332,-,"IHSG Tertekan di Awal Perdagangan, Melemah 0,25 Persen ke Level 8.953",2026-01-27,,0,0,0,0,10,10,🚀 HIGH POTENTIAL,IMMEDIATE REVIEW,-
331,-,BEI Ingatkan Investor Waspadai Riset Sekuritas: Begini Cara Bacanya!,2026-01-27,,0,0,0,0,10,10,🚀 HIGH POTENTIAL,IMMEDIATE REVIEW,-
361,-,"BUMI, PTRO, hingga RAJA ARB usai Keputusan MSCI, Bagaimana Nasib Saham Konglo?",2026-01-28,IDX Channel,0,0,0,0,10,10,🚀 HIGH POTENTIAL,IMMEDIATE REVIEW,-
360,-,"MSCI Picu Guncangan Pasar, IHSG Terkoreksi 8 Persen dan Kena Trading Halt",2026-01-28,IDX Channel,0,0,0,0,10,10,🚀 HIGH POTENTIAL,IMMEDIATE REVIEW,-
359,-,Analis Soroti Ketahanan Fundamental Ekonomi Indonesia di Tengah Pelemahan IHSG,2026-01-28,IDX Channel,0,0,0,0,10,10,🚀 HIGH POTENTIAL,IMMEDIATE REVIEW,-
358,-,"Kena Trading Halt, Perdagangan Dibuka Lagi Pukul 14.13 WIB",2026-01-28,IDX Channel,0,0,0,0,10,10,🚀 HIGH POTENTIAL,IMMEDIATE REVIEW,-
355,-,WIFI Manfaatkan Jaringan dan Infrastruktur Pos Indonesia Perluas Layanan Interne...,2026-01-28,IDX Channel,0,0,0,0,10,10,🚀 HIGH POTENTIAL,IMMEDIATE REVIEW,-
146,-,IHSG Jelang Akhir Pekan Dibuka Rebound ke 9.031,2026-01-23,IDX Channel,0,0,0,0,10,10,🚀 HIGH POTENTIAL,IMMEDIATE REVIEW,-
144,-,Dua Kandidat Kuat MSCI Februari BUMI-PTRO Kembali Tumbang,2026-01-23,IDX Channel,0,0,0,0,10,10,🚀 HIGH POTENTIAL,IMMEDIATE REVIEW,-
139,-,"IHSG Sesi I Turun 1,28 Persen ke 8.876, UANG-HOPE Masuk Top Losers",2026-01-23,IDX Channel,0,0,0,0,10,10,🚀 HIGH POTENTIAL,IMMEDIATE REVIEW,-
135,-,Saham GOLF Milik Siapa? Inilah Portofolio Lapangan dan Sosok Pengendalinya,2026-01-23,IDX Channel,0,0,0,0,10,10,🚀 HIGH POTENTIAL,IMMEDIATE REVIEW,-
134,-,"Saham AADI-ADMR Diam-Diam Curi Panggung, Simak Analisisnya",2026-01-23,IDX Channel,0,0,0,0,10,10,🚀 HIGH POTENTIAL,IMMEDIATE REVIEW,-
133,-,"3 Sektor Saham Favorit Lo Kheng Hong, Intip Daftar Emiten di Portofolionya",2026-01-23,IDX Channel,0,0,0,0,10,10,🚀 HIGH POTENTIAL,IMMEDIATE REVIEW,-
132,-,Rupiah Jelang Akhir Pekan Ditutup Bertenaga Jadi Rp16.820 per USD,2026-01-23,IDX Channel,0,0,0,0,10,10,🚀 HIGH POTENTIAL,IMMEDIATE REVIEW,-
382,-,"IHSG Hari Ini Berpotensi Lanjut Menguat ke Area 8.992-9.018, Simak Analisa 4 Sah...",2026-01-28,IDX Channel,0,0,0,0,10,10,🚀 HIGH POTENTIAL,IMMEDIATE REVIEW,-
381,-,"Wall Street Ditutup Mixed, S&P 500 Naik dan Dow Jones Turun",2026-01-28,IDX Channel,0,0,0,0,10,10,🚀 HIGH POTENTIAL,IMMEDIATE REVIEW,-
378,-,"Harga Emas Melonjak 3 Persen Lebih, Tembus Rekor Tertinggi Baru",2026-01-28,IDX Channel,0,0,0,0,10,10,🚀 HIGH POTENTIAL,IMMEDIATE REVIEW,-
377,-,"Membedah Prospek Saham Merdeka Group, Pilih MBMA, MDKA, atau EMAS?",2026-01-28,IDX Channel,0,0,0,0,10,10,🚀 HIGH POTENTIAL,IMMEDIATE REVIEW,-
376,-,"Andalkan Segmen Middle-Up, BELL Pasang Target Pertumbuhan 8 Persen di 2026",2026-01-28,IDX Channel,0,0,0,0,10,10,🚀 HIGH POTENTIAL,IMMEDIATE REVIEW,-
375,-,"Harga Minyak Melonjak 3 Persen, Produksi AS Terganggu Badai",2026-01-28,IDX Channel,0,0,0,0,10,10,🚀 HIGH POTENTIAL,IMMEDIATE REVIEW,-
368,-,"Keputusan MSCI Seret IHSG Turun 6 Persen, Saham Konglomerat Ramai-Ramai ARB",2026-01-28,IDX Channel,0,0,0,0,10,10,🚀 HIGH POTENTIAL,IMMEDIATE REVIEW,-
366,-,OJK Sebut Demutualisasi Bursa Rampung Semester I-2026,2026-01-28,IDX Channel,0,0,0,0,10,10,🚀 HIGH POTENTIAL,IMMEDIATE REVIEW,-
364,-,"Respons MSCI, BEI Tegaskan Komitmen Perkuat Kredibilitas Pasar Modal Indonesia",2026-01-28,IDX Channel,0,0,0,0,10,10,🚀 HIGH POTENTIAL,IMMEDIATE REVIEW,-
362,-,"GOTO Luncurkan Empat Inisiatif buat Driver, BPJS hingga Bonus Hari Raya",2026-01-28,IDX Channel,0,0,0,0,10,10,🚀 HIGH POTENTIAL,IMMEDIATE REVIEW,-
519,-,"Iman Rachman Mundur, BEI Bakal Dipimpin Plt Direktur Utama",2026-01-30,IDX Channel,0,0,0,0,10,10,🚀 HIGH POTENTIAL,IMMEDIATE REVIEW,-
518,-,"Laba Bank Besar Dinilai Masuki Titik Balik di 2026, Dua Saham Ini Jadi Sorotan",2026-01-30,IDX Channel,0,0,0,0,10,10,🚀 HIGH POTENTIAL,IMMEDIATE REVIEW,-
517,-,"IHSG Sesi I Ditutup Menguat 1,1 Persen, ESTI Pimpin Top Gainers",2026-01-30,IDX Channel,0,0,0,0,10,10,🚀 HIGH POTENTIAL,IMMEDIATE REVIEW,-
516,-,Purbaya soal Kondisi Pasar Modal RI Saat Ini: Investor Saatnya Serok,2026-01-30,IDX Channel,0,0,0,0,10,10,🚀 HIGH POTENTIAL,IMMEDIATE REVIEW,-
63,-,"Izin Tambang Agincourt Dicabut, Ini Tanggapan United Tractors (UNTR)",2026-01-22,IDX Channel,0,1,0,1,10,10,🚀 HIGH POTENTIAL,IMMEDIATE REVIEW,-
62,-,"Amankan Modal Kerja Outsourcing, PADA Raih Perpanjangan Kredit hingga 2027",2026-01-22,IDX Channel,0,0,0,0,10,10,🚀 HIGH POTENTIAL,IMMEDIATE REVIEW,-
61,-,Wall Street Dibuka Menguat Ditopang Data Ekonomi AS hingga Redanya Isu Greenland,2026-01-22,IDX Channel,0,0,0,0,10,10,🚀 HIGH POTENTIAL,IMMEDIATE REVIEW,-
60,-,Begini Cara BI Stabilkan Nilai Tukar Rupiah,2026-01-22,IDX Channel,0,0,0,0,10,10,🚀 HIGH POTENTIAL,IMMEDIATE REVIEW,-
59,-,"Pengawasan Kripto Beralih ke OJK, ini Dampaknya",2026-01-21,,0,0,0,0,10,10,🚀 HIGH POTENTIAL,IMMEDIATE REVIEW,-
58,-,"IHSG Diproyeksikan Menguat Tipis, Berikut 4 Saham Rekomendasi Analis",2026-01-21,,0,0,0,0,10,10,🚀 HIGH POTENTIAL,IMMEDIATE REVIEW,-
57,-,"Risiko Global Meningkat, Nikkei Turun dan Emas Naik Tajam",2026-01-21,,0,0,0,0,10,10,🚀 HIGH POTENTIAL,IMMEDIATE REVIEW,-
56,-,"IHSG Melemah ke 9.087, Asing Net Sell Rp98 Miliar",2026-01-21,,0,0,0,0,10,10,🚀 HIGH POTENTIAL,IMMEDIATE REVIEW,-
54,-,BEI Tegaskan Praktik Memoles Aset Jelang IPO Dilarang: ini Dasar Hukumnya,2026-01-21,,0,1,0,1,10,10,🚀 HIGH POTENTIAL,IMMEDIATE REVIEW,-
52,-,"IRSX Geber Cuan dari Konser Hybrid: Brian McKnight Sold Out, Westlife Siap Digel...",2026-01-21,,0,0,0,0,10,10,🚀 HIGH POTENTIAL,IMMEDIATE REVIEW,-
393,-,"Tiga Saham ini Masih Diserap, Beli di Harga Bonus?",2026-01-28,,0,0,0,0,10,10,🚀 HIGH POTENTIAL,IMMEDIATE REVIEW,-
391,-,"Reli Emas Global Sentuh USD5.291: ARCI, EMAS, BRMS Bertahan?",2026-01-28,,0,0,0,0,10,10,🚀 HIGH POTENTIAL,IMMEDIATE REVIEW,-
387,-,Ini yang Bikin INDF Bertahan di Tengah Volatilitas Tinggi IHSG,2026-01-28,,0,0,0,0,10,10,🚀 HIGH POTENTIAL,IMMEDIATE REVIEW,-
128,-,Pertamina Geothermal (PGEO) Jadi Calon Pelaksana Survei dan Eksplorasi di Cubada...,2026-01-23,IDX Channel,0,0,0,0,10,10,🚀 HIGH POTENTIAL,IMMEDIATE REVIEW,-
126,-,Anak Usaha Wintermar (WINS) Tanam Modal di Perusahaan Patungan Malaysia,2026-01-23,IDX Channel,0,0,0,0,10,10,🚀 HIGH POTENTIAL,IMMEDIATE REVIEW,-
124,-,"Wall Street Tutup Pekan di Zona Merah, Laba Intel Jadi Pemberat",2026-01-23,IDX Channel,0,0,0,0,10,10,🚀 HIGH POTENTIAL,IMMEDIATE REVIEW,-
121,-,Minyak Naik di Tengah Gangguan Pasokan dan Bara Geopolitik,2026-01-22,,0,0,0,0,10,10,🚀 HIGH POTENTIAL,IMMEDIATE REVIEW,-
120,-,"IHSG Masuk Fase Rawan, Koreksi Masih Membayangi Awal 2026",2026-01-22,,0,0,0,0,10,10,🚀 HIGH POTENTIAL,IMMEDIATE REVIEW,-
119,-,"Rupiah Masih Fluktuatif Hari Ini, Terjepit Dolar dan Ketegangan Global",2026-01-22,,0,0,0,0,10,10,🚀 HIGH POTENTIAL,IMMEDIATE REVIEW,-
118,-,"IHSG Menguat ke 9.045 di Tengah Tekanan Asing, Saham Asuransi hingga Energi Jadi...",2026-01-22,,0,0,0,0,10,10,🚀 HIGH POTENTIAL,IMMEDIATE REVIEW,-
385,-,IHSG Tertekan di Tengah Rebalancing MSCI,2026-01-28,,0,0,0,0,10,10,🚀 HIGH POTENTIAL,IMMEDIATE REVIEW,-
114,-,IMF Nilai Fundamental Ekonomi Indonesia Tetap Kokoh di Tengah Gejolak Global,2026-01-22,,0,0,0,0,10,10,🚀 HIGH POTENTIAL,IMMEDIATE REVIEW,-
113,-,"2025, Perdagangan Emas Digital di ICDX Tembus Rekor: 58.654.322 Gram",2026-01-22,,0,0,0,0,10,10,🚀 HIGH POTENTIAL,IMMEDIATE REVIEW,-
112,-,Emiten Produsen Minyak Sawit ini Angkat Eks KSAD Dudung Jadi Komisaris,2026-01-22,,0,0,0,0,10,10,🚀 HIGH POTENTIAL,IMMEDIATE REVIEW,-
111,-,Komit Soal Tambang Berkelanjutan: IFSH Jaminan Reklamasi Rp52 Miliar,2026-01-22,,0,0,0,0,10,10,🚀 HIGH POTENTIAL,IMMEDIATE REVIEW,-
107,-,"Diversifikasi, MPXL Dirikan Anak Usaha Tambang Rp5 Miliar",2026-01-22,,0,0,0,0,10,10,🚀 HIGH POTENTIAL,IMMEDIATE REVIEW,-
105,-,"Rombak Direksi, RUPSLB Sepakati Dirut PGEO Baru",2026-01-22,,0,0,0,0,10,10,🚀 HIGH POTENTIAL,IMMEDIATE REVIEW,-
103,-,"Jangan Lupa Cek Saldo, Dividen Interim EAST-SOHO Cair Hari Ini",2026-01-22,IDX Channel,0,0,0,0,10,10,🚀 HIGH POTENTIAL,IMMEDIATE REVIEW,-
101,-,Wall Street Rebound Usai Trump Batalkan Ancaman Tarif untuk Eropa,2026-01-22,IDX Channel,0,0,0,0,10,10,🚀 HIGH POTENTIAL,IMMEDIATE REVIEW,-
100,-,"IHSG Hari Ini Diprediksi Terkoreksi ke 8.710, Cermati Saham ENRG, IMPC hingga BM...",2026-01-22,IDX Channel,0,0,0,0,10,10,🚀 HIGH POTENTIAL,IMMEDIATE REVIEW,-
398,-,"Laporan Keuangan Hijau: BBCA Hanya Andalkan Dividen, Saham Lemah",2026-01-28,,0,0,0,0,10,10,🚀 HIGH POTENTIAL,IMMEDIATE REVIEW,-
51,-,"Harga Minyak Stabil, Pasar Tunggu Data Stok AS",2026-01-21,,0,0,0,0,10,10,🚀 HIGH POTENTIAL,IMMEDIATE REVIEW,-
514,-,"BUMN Sumbang 30 Persen Market Cap BEI, CEO Danantara Dorong Bursa Lebih Transpar...",2026-01-30,IDX Channel,0,0,0,0,10,10,🚀 HIGH POTENTIAL,IMMEDIATE REVIEW,-
513,-,OJK Pastikan Mundurnya Dirut BEI Tidak Ganggu Operasional Perdagangan Saham,2026-01-30,IDX Channel,0,0,0,0,10,10,🚀 HIGH POTENTIAL,IMMEDIATE REVIEW,-
509,-,Dana Pensiun dan Asuransi Bisa Investasi di Pasar Modal hingga 20 Persen,2026-01-30,IDX Channel,0,0,0,0,10,10,🚀 HIGH POTENTIAL,IMMEDIATE REVIEW,-
508,-,MNC Asset Management Targetkan Kenaikan AUM hingga 52 Persen di 2026,2026-01-30,IDX Channel,0,0,0,0,10,10,🚀 HIGH POTENTIAL,IMMEDIATE REVIEW,-
505,-,RMKE Berencana Buyback Saham Maksimal Rp200 Miliar,2026-01-30,IDX Channel,0,0,0,0,10,10,🚀 HIGH POTENTIAL,IMMEDIATE REVIEW,-
503,-,"BUMN Kontribusi 30 Persen Kapitalisasi Pasar, Danantara Dukung Demutualisasi Bur...",2026-01-30,IDX Channel,0,0,0,0,10,10,🚀 HIGH POTENTIAL,IMMEDIATE REVIEW,-
501,-,OJK Sambut Baik Jika Danantara Masuk Jadi Pemegang Saham BEI,2026-01-30,IDX Channel,0,0,0,0,10,10,🚀 HIGH POTENTIAL,IMMEDIATE REVIEW,-
500,-,"Rupiah Ditutup Melemah ke Rp16.786 per Dolar AS, Tertekan Pencalonan Ketua The F...",2026-01-30,IDX Channel,0,0,0,0,10,10,🚀 HIGH POTENTIAL,IMMEDIATE REVIEW,-
499,-,"Reli Terhenti, Harga CPO Tertekan Ambil Untung",2026-01-30,IDX Channel,0,0,0,0,10,10,🚀 HIGH POTENTIAL,IMMEDIATE REVIEW,-
498,-,IHSG Tutup Akhir Pekan dengan Menguat ke 8.329,2026-01-30,IDX Channel,0,0,0,0,10,10,🚀 HIGH POTENTIAL,IMMEDIATE REVIEW,-
497,-,"BSD City (BSDE) Raih Marketing Sales Rp10,04 Triliun Sepanjang 2025",2026-01-30,IDX Channel,0,0,0,0,10,10,🚀 HIGH POTENTIAL,IMMEDIATE REVIEW,-
432,-,"Harga Emas Melangit, Pedagang Sebut Masyarakat Ramai Beli Ketimbang Jual",2026-01-29,IDX Channel,0,0,0,0,10,10,🚀 HIGH POTENTIAL,IMMEDIATE REVIEW,-
430,-,"Harga Emas Meroket Jadi Rp3 Juta, Sebaiknya Beli Perhiasan atau Logam Mulia?",2026-01-29,IDX Channel,0,0,0,0,10,10,🚀 HIGH POTENTIAL,IMMEDIATE REVIEW,-
428,-,"IHSG Lesu, Nilai Tukar Rupiah Ikut Loyo ke Rp16.755 per USD",2026-01-29,IDX Channel,0,0,0,0,10,10,🚀 HIGH POTENTIAL,IMMEDIATE REVIEW,-
427,-,"10 Saham Top Gainer Kamis 29 Januari 2026, Ada Emiten Prajogo Pangestu",2026-01-29,IDX Channel,0,0,0,0,10,10,🚀 HIGH POTENTIAL,IMMEDIATE REVIEW,-
422,-,"Emerging Market vs Frontier Market, Apa Bedanya? Inilah Klasifikasi Pasar di MSC...",2026-01-29,IDX Channel,0,0,0,0,10,10,🚀 HIGH POTENTIAL,IMMEDIATE REVIEW,-
420,-,"IHSG Trading Halt Dua Kali, Ekonom: Ini Shock Temporary",2026-01-29,IDX Channel,0,0,0,0,10,10,🚀 HIGH POTENTIAL,IMMEDIATE REVIEW,-
419,-,Danatara Diam-diam Serok Saham Saat IHSG Bergejolak hingga Trading Halt Dua Hari...,2026-01-29,IDX Channel,0,0,0,0,10,10,🚀 HIGH POTENTIAL,IMMEDIATE REVIEW,-
416,-,"Prajogo Pangestu Kembali Serok 4 Juta Saham CUAN dan BRPT, Nilainya Rp15,82 Mili...",2026-01-29,IDX Channel,0,0,0,0,10,10,🚀 HIGH POTENTIAL,IMMEDIATE REVIEW,-
415,-,Danantara: Momentum MSCI Jadi Ujian Pasar Saham Indonesia untuk Naik Kelas,2026-01-29,IDX Channel,0,0,0,0,10,10,🚀 HIGH POTENTIAL,IMMEDIATE REVIEW,-
413,-,"IHSG Menguat Tipis, Analis Soroti Empat Saham ini",2026-01-28,,0,0,0,0,10,10,🚀 HIGH POTENTIAL,IMMEDIATE REVIEW,-
412,-,WIFI Siap Luncurkan Internet Rakyat Berbasis FWA,2026-01-28,,0,0,0,0,10,10,🚀 HIGH POTENTIAL,IMMEDIATE REVIEW,-
410,-,GoTo Perluas BPJS dan BHR bagi Mitra Gojek,2026-01-28,,0,0,0,0,10,10,🚀 HIGH POTENTIAL,IMMEDIATE REVIEW,-
84,-,Nasib Saham ASII usai Diguncang Pencabutan Izin Tambang Martabe Milik UNTR,2026-01-22,IDX Channel,0,1,0,1,10,10,🚀 HIGH POTENTIAL,IMMEDIATE REVIEW,-
83,-,"Dua Kandidat Kuat MSCI Februari BUMI-PTRO Malah Loyo, Intip Analisisnya",2026-01-22,IDX Channel,0,0,0,0,10,10,🚀 HIGH POTENTIAL,IMMEDIATE REVIEW,-
446,-,"IHSG Kembali Melemah, Purbaya Minta Investor Tak Panik",2026-01-29,IDX Channel,0,0,0,0,10,10,🚀 HIGH POTENTIAL,IMMEDIATE REVIEW,-
445,-,OJK Bakal Umumkan Langkah Konkret Respons MSCI,2026-01-29,IDX Channel,0,0,0,0,10,10,🚀 HIGH POTENTIAL,IMMEDIATE REVIEW,-
444,-,"Reli Berlanjut, Harga Emas Dunia Berpotensi Tembus USD6.500",2026-01-29,IDX Channel,0,0,0,0,10,10,🚀 HIGH POTENTIAL,IMMEDIATE REVIEW,-
442,-,IPCM Catat Kinerja Operasional Positif Sepanjang 2025,2026-01-29,IDX Channel,0,0,0,0,10,10,🚀 HIGH POTENTIAL,IMMEDIATE REVIEW,-
441,-,Danantara Sampaikan Masukan ke MSCI Soal Pasar Modal Indonesia,2026-01-29,IDX Channel,0,0,0,0,10,10,🚀 HIGH POTENTIAL,IMMEDIATE REVIEW,-
439,-,"IHSG Kembali Melemah, Istana dan Airlangga Minta OJK Reformasi Regulasi Bursa",2026-01-29,IDX Channel,0,0,0,0,10,10,🚀 HIGH POTENTIAL,IMMEDIATE REVIEW,-
438,-,"Harga CPO Naik 4 Hari Beruntun, Bertahan di Level Tertinggi 3 Bulan",2026-01-29,IDX Channel,0,0,0,0,10,10,🚀 HIGH POTENTIAL,IMMEDIATE REVIEW,-
435,-,Aturan Demutualisasi BEI Ditargetkan Meluncur di Kuartal I-2026,2026-01-29,IDX Channel,0,0,0,0,10,10,🚀 HIGH POTENTIAL,IMMEDIATE REVIEW,-
434,-,"IHSG Trading Halt Dua Hari, OJK Bakal Berkantor di BEI Mulai Besok",2026-01-29,IDX Channel,0,0,0,0,10,10,🚀 HIGH POTENTIAL,IMMEDIATE REVIEW,-
433,-,"IHSG Berakhir Turun 1,06 Persen ke 8.232, GOLF-BUMI Pimpin Top Losers",2026-01-29,IDX Channel,0,0,0,0,10,10,🚀 HIGH POTENTIAL,IMMEDIATE REVIEW,-
454,-,"IHSG Dibuka Koreksi ke 8.027, BRPT-BUMI Huni Top Losers",2026-01-29,IDX Channel,0,0,0,0,10,10,🚀 HIGH POTENTIAL,IMMEDIATE REVIEW,-
453,-,"IHSG Turun 8,00 Persen, Kena Trading Halt Lagi",2026-01-29,IDX Channel,0,0,0,0,10,10,🚀 HIGH POTENTIAL,IMMEDIATE REVIEW,-
451,-,Bursa Asia Beragam saat Wall Street Hijau,2026-01-29,IDX Channel,0,0,0,0,10,10,🚀 HIGH POTENTIAL,IMMEDIATE REVIEW,-
97,-,Harga Emas Pangkas Kenaikan usai Trump Lunakkan Ancaman Tarif Greenland,2026-01-22,IDX Channel,0,0,0,0,10,10,🚀 HIGH POTENTIAL,IMMEDIATE REVIEW,-
96,-,Harga Minyak Naik usai Force Majeure Kazakhstan hingga Lesunya Ekspor Venezuela,2026-01-22,IDX Channel,0,0,0,0,10,10,🚀 HIGH POTENTIAL,IMMEDIATE REVIEW,-
94,-,UNTR Umumkan Buyback Rp2 Triliun Usai Harga Saham Anjlok,2026-01-22,IDX Channel,0,1,0,1,10,10,🚀 HIGH POTENTIAL,IMMEDIATE REVIEW,-
93,-,"Harga Emas Hari Ini Meroket, Sentuh Rp2,9 Juta per Gram",2026-01-22,IDX Channel,0,0,0,0,10,10,🚀 HIGH POTENTIAL,IMMEDIATE REVIEW,-
92,-,"IHSG Kamis Pagi Dibuka Naik 41,84 Poin ke 9.052",2026-01-22,IDX Channel,0,0,0,0,10,10,🚀 HIGH POTENTIAL,IMMEDIATE REVIEW,-
91,-,"IHSG Hari Ini Berpotensi Rebound, Intip Analisa NCKL, MDKA, hingga MBMA",2026-01-22,IDX Channel,0,0,0,0,10,10,🚀 HIGH POTENTIAL,IMMEDIATE REVIEW,-
89,-,"Bursa Asia Akhirnya Rebound, Tersengat Reli Wall Street",2026-01-22,IDX Channel,0,0,0,0,10,10,🚀 HIGH POTENTIAL,IMMEDIATE REVIEW,-
87,-,Trinland (TRIN) Pastikan Rahayu Saraswati Kuasai 5 Persen Saham Lewat Dua Perusa...,2026-01-22,IDX Channel,0,0,0,0,10,10,🚀 HIGH POTENTIAL,IMMEDIATE REVIEW,-
86,-,"VISI Habiskan Dana IPO Rp71,13 Miliar untuk Modal Kerja dan Beli Truk",2026-01-22,IDX Channel,0,1,0,1,10,10,🚀 HIGH POTENTIAL,IMMEDIATE REVIEW,-
494,-,"OJK Pastikan Bertemu dengan MSCI Pekan Depan, Tak Terpengaruh Pengunduran Dirut ...",2026-01-30,IDX Channel,0,0,0,0,10,10,🚀 HIGH POTENTIAL,IMMEDIATE REVIEW,-
491,-,Ketua OJK dan 2 Petinggi Mengundurkan Diri,2026-01-30,IDX Channel,0,0,0,0,10,10,🚀 HIGH POTENTIAL,IMMEDIATE REVIEW,-
490,-,"Profil Mahendra Siregar, Ketua Dewan Komisioner OJK yang Mengundurkan Diri",2026-01-30,IDX Channel,0,0,0,0,10,10,🚀 HIGH POTENTIAL,IMMEDIATE REVIEW,-
489,-,Terungkap Alasan Mahendra Siregar Mundur dari Kursi Ketua OJK,2026-01-30,IDX Channel,0,0,0,0,10,10,🚀 HIGH POTENTIAL,IMMEDIATE REVIEW,-
488,-,"Mundur dari OJK, Mahendra Siregar: Bentuk Tanggung Jawab Moral untuk Dukung Lang...",2026-01-30,IDX Channel,0,0,0,0,10,10,🚀 HIGH POTENTIAL,IMMEDIATE REVIEW,-
486,-,"Rasio Utang Rendah, Indonesia Masih Jadi Magnet Investor Global",2026-01-30,IDX Channel,0,0,0,0,10,10,🚀 HIGH POTENTIAL,IMMEDIATE REVIEW,-
485,-,"Profil Mirza Adityaswara, Wakil Ketua OJK yang Ikut Mengundurkan Diri",2026-01-30,IDX Channel,0,0,0,0,10,10,🚀 HIGH POTENTIAL,IMMEDIATE REVIEW,-
484,-,Wall Street Dibuka Melemah Usai Trump Calonkan Kevin Warsh sebagai Pengganti Pow...,2026-01-30,IDX Channel,0,0,0,0,10,10,🚀 HIGH POTENTIAL,IMMEDIATE REVIEW,-
483,-,"Emas Cetak Sejarah di Atas USD5.300, Pasar Masih Menunggu Arah The Fed",2026-01-29,,0,0,0,0,10,10,🚀 HIGH POTENTIAL,IMMEDIATE REVIEW,-
481,-,Harga Minyak Menguat di Tengah Badai Dingin AS dan Ketegangan Global,2026-01-29,,0,0,0,0,10,10,🚀 HIGH POTENTIAL,IMMEDIATE REVIEW,-
480,-,"IHSG Masih Rawan Lanjut Koreksi, Analis Wanti-wanti Area 8.100",2026-01-29,,0,0,0,0,10,10,🚀 HIGH POTENTIAL,IMMEDIATE REVIEW,-
82,-,MPXL Dirikan Anak Usaha Baru Bergerak di Bidang Perdagangan Besar,2026-01-22,IDX Channel,0,0,0,0,10,10,🚀 HIGH POTENTIAL,IMMEDIATE REVIEW,-
80,-,"IHSG Sesi I Menanjak 49,73 Poin ke 9.060",2026-01-22,IDX Channel,0,0,0,0,10,10,🚀 HIGH POTENTIAL,IMMEDIATE REVIEW,-
78,-,"MPPA Suntik Modal Rp46,65 Miliar ke Pengelola Supermarket Super Ekonomi",2026-01-22,IDX Channel,0,0,0,0,10,10,🚀 HIGH POTENTIAL,IMMEDIATE REVIEW,-
75,-,"Harga CPO Naik 3 Hari, Tembus Level Tertinggi 7 Pekan",2026-01-22,IDX Channel,0,0,0,0,10,10,🚀 HIGH POTENTIAL,IMMEDIATE REVIEW,-
74,-,"IHSG Ditutup di Zona Merah, Tinggalkan Level 9.000",2026-01-22,IDX Channel,0,0,0,0,10,10,🚀 HIGH POTENTIAL,IMMEDIATE REVIEW,-
73,-,"Siapa Pemilik Saham LPKR? Developer Lippo Karawaci, Ini Proyek dan Segmen Bisnis...",2026-01-22,IDX Channel,0,0,0,0,10,10,🚀 HIGH POTENTIAL,IMMEDIATE REVIEW,-
72,-,Emiten Anak Tommy Soeharto (GOLF) Lanjutkan Pengembangan Kawasan Properti di Bal...,2026-01-22,IDX Channel,0,0,0,0,10,10,🚀 HIGH POTENTIAL,IMMEDIATE REVIEW,-
69,-,"Apa Bisnis LPCK? Developer Meikarta, Intip Profil Emiten dan Pengendali Sahamnya",2026-01-22,IDX Channel,0,0,0,0,10,10,🚀 HIGH POTENTIAL,IMMEDIATE REVIEW,-
466,-,"IHSG Hari Ini Masih Rawan Terkoreksi Pascapengumuman MSCI, Simak Analisa 4 Saham...",2026-01-29,IDX Channel,0,0,0,0,10,10,🚀 HIGH POTENTIAL,IMMEDIATE REVIEW,-
465,-,"Wall Street Ditutup Mixed usai The Fed Tahan Suku Bunga, Dow Jones Tetap dan Nas...",2026-01-29,IDX Channel,0,0,0,0,10,10,🚀 HIGH POTENTIAL,IMMEDIATE REVIEW,-
459,-,"Harga Emas Dunia Tembus USD5.400, Reli Rekor Berlanjut",2026-01-29,IDX Channel,0,0,0,0,10,10,🚀 HIGH POTENTIAL,IMMEDIATE REVIEW,-
457,-,Harga Minyak Dunia Bertahan di Level Tertinggi 4 Bulan,2026-01-29,IDX Channel,0,0,0,0,10,10,🚀 HIGH POTENTIAL,IMMEDIATE REVIEW,-
7,-,"Terungkap Sosok yang Menjual 18,19 Miliar Saham BUMI Senilai Rp6,91 Triliun",2026-01-21,IDX Channel,0,0,0,0,10,10,🚀 HIGH POTENTIAL,IMMEDIATE REVIEW,-
600,-,"Ekspansif, DAAZ Masuk Konsorsium Nikel untuk EV",2026-01-31,,0,0,0,0,10,10,🚀 HIGH POTENTIAL,IMMEDIATE REVIEW,-
598,-,"Otoritas Bursa Mundur di Tengah Sentimen MSCI, Pasar Diproyeksi Alami Tekanan Se...",2026-01-31,IDX Channel,0,0,0,0,10,10,🚀 HIGH POTENTIAL,IMMEDIATE REVIEW,-
596,-,"Data Perdagangan Saham Ditutup Bervariasi, Kapitalisasi Pasar Jadi Rp15.046 Tril...",2026-01-31,IDX Channel,0,0,0,0,10,10,🚀 HIGH POTENTIAL,IMMEDIATE REVIEW,-
2,-,"Wall Street Dibuka Variatif, Pasar Cermati Arah Pidato Trump di Davos",2026-01-21,IDX Channel,0,0,0,0,10,10,🚀 HIGH POTENTIAL,IMMEDIATE REVIEW,-
577,-,"Produksi Batu Bara Dipangkas Signifikan, Asosiasi Minta Ditinjau Kembali",2026-01-31,IDX Channel,0,0,0,0,10,10,🚀 HIGH POTENTIAL,IMMEDIATE REVIEW,-
574,-,Plt Dirut BEI Diumumkan Sebelum Perdagangan Senin Pekan Depan,2026-01-31,IDX Channel,0,0,0,0,10,10,🚀 HIGH POTENTIAL,IMMEDIATE REVIEW,-
573,-,"Pasar Valuta Bergejolak, Dolar AS Dihimpit Ekspektasi dan Politik",2026-01-30,,0,0,0,0,10,10,🚀 HIGH POTENTIAL,IMMEDIATE REVIEW,-
568,-,Breaking News! Bos BEI Mundur: Trading Halt Dua Kali,2026-01-30,,0,0,0,0,10,10,🚀 HIGH POTENTIAL,IMMEDIATE REVIEW,-
589,-,"Harga Emas Antam (ANTM) Hari Ini Anjlok Rp260 Ribu, Cek Lengkapnya",2026-01-31,IDX Channel,0,1,0,1,10,10,🚀 HIGH POTENTIAL,IMMEDIATE REVIEW,-
587,-,PTPP Kantongi Proyek Baru Pembangunan Gedung Institusional Kejaksaan Agung Rp934...,2026-01-31,IDX Channel,0,0,0,0,10,10,🚀 HIGH POTENTIAL,IMMEDIATE REVIEW,-
585,-,Transkon Jaya (TRJA) Tarik Pinjaman Tahap II Rp25 Miliar dari Samindo (MYOH),2026-01-31,IDX Channel,0,0,0,0,10,10,🚀 HIGH POTENTIAL,IMMEDIATE REVIEW,-
582,-,"Dirut BEI dan Petinggi OJK Mundur, IHSG Pekan Depan Diproyeksi Fluktuatif",2026-01-31,IDX Channel,0,0,0,0,10,10,🚀 HIGH POTENTIAL,IMMEDIATE REVIEW,-
580,-,"Singaraja (SINI) Proyeksikan Kebutuhan Modal Kerja Anak Usaha Rp2,73 Triliun di ...",2026-01-31,IDX Channel,0,0,0,0,10,10,🚀 HIGH POTENTIAL,IMMEDIATE REVIEW,-
579,-,"Trump Tunjuk Kevin Warsh Sebagai Calon Ketua The Fed, Ini Respons Para Ekonom da...",2026-01-31,IDX Channel,0,0,0,0,10,10,🚀 HIGH POTENTIAL,IMMEDIATE REVIEW,-
18,-,"Harga Emas Tembus USD4.800 Pertama Kali, Simak Gerak ARCI-MDKA Cs",2026-01-21,IDX Channel,0,0,0,0,10,10,🚀 HIGH POTENTIAL,IMMEDIATE REVIEW,-
17,-,"IHSG Sesi I Melemah ke 9.021, UNTR Masuk Top Losers",2026-01-21,IDX Channel,0,0,0,0,10,10,🚀 HIGH POTENTIAL,IMMEDIATE REVIEW,-
15,-,"IHSG Turun Lebih 1 Persen saat Pasar Menanti RDG BI, UNTR-ASII Cs Jadi Beban",2026-01-21,IDX Channel,0,0,0,0,10,10,🚀 HIGH POTENTIAL,IMMEDIATE REVIEW,-
13,-,"Cek Rekening, Dividen Interim RDTX Rp53,76 Miliar Cair Hari Ini",2026-01-21,IDX Channel,0,0,0,0,10,10,🚀 HIGH POTENTIAL,IMMEDIATE REVIEW,-
11,-,Saham Bank BBCA-BMRI Cs Kompak Merah saat BI Kembali Tahan Suku Bunga,2026-01-21,IDX Channel,0,0,0,0,10,10,🚀 HIGH POTENTIAL,IMMEDIATE REVIEW,-
9,-,"BI Rate Tetap, IHSG Berakhir Lesu 1,36 Persen ke 9.010",2026-01-21,IDX Channel,0,0,0,0,10,10,🚀 HIGH POTENTIAL,IMMEDIATE REVIEW,-
510,-,"BEI Suspensi Saham 48 Emiten yang Belum Sampaikan Laporan Keuangan, Ini Daftarny...",2026-01-30,IDX Channel,1,0,0,2,10,9,🚀 HIGH POTENTIAL,IMMEDIATE REVIEW,free float
502,-,"38 Emiten Belum Penuhi Aturan Free Float 7,5 Persen, Berikut Daftarnya",2026-01-30,IDX Channel,1,0,0,2,10,9,🚀 HIGH POTENTIAL,IMMEDIATE REVIEW,free float
462,-,"Pasar Saham Loyo, RAJA Berencana Buyback Rp250 Miliar",2026-01-29,IDX Channel,0,0,1,1,10,9,🚀 HIGH POTENTIAL,IMMEDIATE REVIEW,-
461,-,"IHSG Tersengat Pengumuman MSCI, Investor Bisa Alihkan Fokus ke Saham Berfundamen...",2026-01-29,IDX Channel,0,0,1,1,10,9,🚀 HIGH POTENTIAL,IMMEDIATE REVIEW,-
548,-,Purbaya Minta Investor Cermati Saham Blue Chip,2026-01-30,,0,0,1,1,10,9,🚀 HIGH POTENTIAL,IMMEDIATE REVIEW,-
551,-,MSCI dan Upaya Menjinakkan Praktik Goreng-Menggoreng,2026-01-30,,1,0,0,2,10,9,🚀 HIGH POTENTIAL,IMMEDIATE REVIEW,free float
318,-,"Komisaris Lepas Saham ARCI di 2.030, Harga Uji Area 2.000",2026-01-27,,1,0,0,2,10,9,🚀 HIGH POTENTIAL,IMMEDIATE REVIEW,penjualan saham
151,-,"Saham ALII Keluar dari Papan FCA, ATAP hingga TRUE Masuk",2026-01-23,IDX Channel,1,0,0,2,10,9,🚀 HIGH POTENTIAL,IMMEDIATE REVIEW,free float
394,-,"Pasar Bergerak Lagi, IHSG Terus Anjlok",2026-01-28,,0,0,0,1,10,8,🚀 HIGH POTENTIAL,IMMEDIATE REVIEW,-
572,-,"Belanja AI Picu Kecemasan, Saham Teknologi Menekan Wall Street",2026-01-30,,0,0,0,1,10,8,🚀 HIGH POTENTIAL,IMMEDIATE REVIEW,-
567,-,IHSG Sempat Anjlok Usai Bos BEI Iman Rachman Mundur,2026-01-30,,0,0,0,1,10,8,🚀 HIGH POTENTIAL,IMMEDIATE REVIEW,-
571,-,BEI Tetapkan Status UMA pada STAA dan HAJJ,2026-01-30,,0,1,0,2,10,8,🚀 HIGH POTENTIAL,IMMEDIATE REVIEW,-
77,-,"KRYA Berhentikan An Shaohong Sebagai Komut, Ini Penggantinya",2026-01-22,IDX Channel,0,0,0,1,10,8,🚀 HIGH POTENTIAL,IMMEDIATE REVIEW,-
67,-,"Pendapatan Rp1,31 Triliun, Paradise Indonesia (INPP) Bidik Pertumbuhan Double Di...",2026-01-22,IDX Channel,0,0,0,1,10,8,🚀 HIGH POTENTIAL,IMMEDIATE REVIEW,-
597,-,"Wall Street Ditutup Melemah, Nasdaq Turun Didominasi Saham Teknologi",2026-01-31,IDX Channel,0,0,0,1,10,8,🚀 HIGH POTENTIAL,IMMEDIATE REVIEW,-
575,-,"Prabowo Perintahkan Penataan Pasar Modal, Berantas Praktik Saham Gorengan",2026-01-31,IDX Channel,0,0,0,1,10,8,🚀 HIGH POTENTIAL,IMMEDIATE REVIEW,-
85,-,Saham Emiten Emas ANTM-HRTA Cs Dilanda Aksi Ambil Untung,2026-01-22,IDX Channel,0,0,0,1,10,8,🚀 HIGH POTENTIAL,IMMEDIATE REVIEW,-
88,-,Astra Agro Lestari (AALI) Bayar Denda Administratif Rp571 Miliar ke Satgas PKH,2026-01-22,IDX Channel,0,0,0,1,10,8,🚀 HIGH POTENTIAL,IMMEDIATE REVIEW,-
493,-,Bos OJK Baru Tahu Kabar Dirut BEI Mundur Tadi Pagi Lewat YouTube,2026-01-30,IDX Channel,0,0,0,1,10,8,🚀 HIGH POTENTIAL,IMMEDIATE REVIEW,-
495,-,"Antam (ANTM) Catat Penjualan 37,4 Ton Emas Sepanjang 2025",2026-01-30,IDX Channel,0,0,0,1,10,8,🚀 HIGH POTENTIAL,IMMEDIATE REVIEW,-
90,-,"Harga Emas Antam (ANTM) Hari Ini Turun Jadi Rp2.790.000, Cek Rinciannya",2026-01-22,IDX Channel,0,0,0,1,10,8,🚀 HIGH POTENTIAL,IMMEDIATE REVIEW,-
98,-,Pengetatan Rokok Ilegal dan Stabilitas Cukai Jadi Katalis Saham Rokok,2026-01-22,IDX Channel,0,0,0,1,10,8,🚀 HIGH POTENTIAL,IMMEDIATE REVIEW,-
81,-,Nusantara Sawit (NSSS) Tunjuk Dudung Abdurachman Jadi Komisaris Independen,2026-01-22,IDX Channel,0,0,0,1,10,8,🚀 HIGH POTENTIAL,IMMEDIATE REVIEW,-
79,-,"Saham ZATA Bergerak di Bidang Apa? Owner Brand Elzatta, Ini Bisnis dan Pengendal...",2026-01-22,IDX Channel,0,0,0,1,10,8,🚀 HIGH POTENTIAL,IMMEDIATE REVIEW,-
399,-,Breaking News! BEI Terapkan Trading Halt,2026-01-28,,0,0,0,1,10,8,🚀 HIGH POTENTIAL,IMMEDIATE REVIEW,-
431,-,"Langkah OJK-SRO Redakan Kepanikan, IHSG Pangkas Penurunan ke 1,06 Persen",2026-01-29,IDX Channel,0,0,0,1,10,8,🚀 HIGH POTENTIAL,IMMEDIATE REVIEW,-
443,-,"Mayoritas Saham Merah, IHSG Jatuh ke Level 7.828 di Sesi Pertama",2026-01-29,IDX Channel,0,0,0,1,10,8,🚀 HIGH POTENTIAL,IMMEDIATE REVIEW,-
447,-,"Prajogo Pangestu Borong Saham Petrindo (CUAN), Harga Rebound",2026-01-29,IDX Channel,0,0,0,1,10,8,🚀 HIGH POTENTIAL,IMMEDIATE REVIEW,-
417,-,"Saham TIRT Naik 959 Persen dalam Dua Bulan, Ini Pengakuan Manajemen Tirta Mahaka...",2026-01-29,IDX Channel,0,0,0,1,10,8,🚀 HIGH POTENTIAL,IMMEDIATE REVIEW,-
418,-,TBIG Perpanjang Periode Buyback Saham hingga 29 April 2026,2026-01-29,IDX Channel,0,0,0,1,10,8,🚀 HIGH POTENTIAL,IMMEDIATE REVIEW,-
448,-,Harga Emas Antam (ANTM) Hari Ini Melonjak Rp165 Ribu Jadi Rp3.168.000 per Gram,2026-01-29,IDX Channel,0,0,0,1,10,8,🚀 HIGH POTENTIAL,IMMEDIATE REVIEW,-
450,-,"MSCI Tekan IHSG, Saham-Saham Prajogo-Bakrie Jadi Beban",2026-01-29,IDX Channel,0,0,0,1,10,8,🚀 HIGH POTENTIAL,IMMEDIATE REVIEW,-
106,-,ZATA Gelar Public Expose Insidentil usai Suspensi Saham,2026-01-22,,0,0,0,1,10,8,🚀 HIGH POTENTIAL,IMMEDIATE REVIEW,-
397,-,MSCI Jadi Biang Kerok Trading Halt IHSG Hari ini?,2026-01-28,,0,0,0,1,10,8,🚀 HIGH POTENTIAL,IMMEDIATE REVIEW,-
496,-,"Gaet Artotel Group, WINR Yakin Tiga Proyek Hotel di Batam Mampu Genjot Recurring...",2026-01-30,IDX Channel,0,0,0,1,10,8,🚀 HIGH POTENTIAL,IMMEDIATE REVIEW,-
512,-,Purbaya Sebut Mundurnya Dirut BEI Bentuk Tanggung Jawab atas Masalah Terkait MSC...,2026-01-30,IDX Channel,0,0,0,1,10,8,🚀 HIGH POTENTIAL,IMMEDIATE REVIEW,-
8,-,Red Planet Indonesia (PSKT) Milik Siapa? Intip Jaringan Hotel dan Daftar Pemegan...,2026-01-21,IDX Channel,0,0,0,1,10,8,🚀 HIGH POTENTIAL,IMMEDIATE REVIEW,-
16,-,"Saham Jatuh usai Izin Agincourt Dicabut, Analis Soroti Area Kunci ASII dan UNTR",2026-01-21,IDX Channel,0,0,0,1,10,8,🚀 HIGH POTENTIAL,IMMEDIATE REVIEW,-
588,-,"DAAZ Masuk Konsorsium Hilirisasi Nikel, Gandeng Antam hingga Huayou-EVE",2026-01-31,IDX Channel,0,0,0,1,10,8,🚀 HIGH POTENTIAL,IMMEDIATE REVIEW,-
565,-,"Bitcoin Masih Rawan, Uji Area USD80.000",2026-01-30,,0,0,0,1,10,8,🚀 HIGH POTENTIAL,IMMEDIATE REVIEW,-
199,-,Wall Street Ditutup Mixed Tertekan Prospek Kinerja Intel yang Suram,2026-01-24,IDX Channel,0,0,0,1,10,8,🚀 HIGH POTENTIAL,IMMEDIATE REVIEW,-
245,-,"Kinerja Harga 7 Saham Emas Sejak Awal Tahun, Emiten Ini Juaranya",2026-01-26,IDX Channel,0,0,0,1,10,8,🚀 HIGH POTENTIAL,IMMEDIATE REVIEW,-
270,-,"IHSG Ditutup 8.975: 10 Saham ini jadi Pemberat Pasar, BUMI-DOSS Terkoreksi Dalam",2026-01-26,,0,0,0,1,10,8,🚀 HIGH POTENTIAL,IMMEDIATE REVIEW,-
285,-,"Bursa Setop Dua Saham, Satu Kembali Diperdagangkan Hari ini",2026-01-26,,0,0,0,1,10,8,🚀 HIGH POTENTIAL,IMMEDIATE REVIEW,-
130,-,"RS Siloam Semanggi Terapkan Integrated CT-Linac, Mampu Tangani 15.000 Pasien per...",2026-01-23,IDX Channel,0,0,0,1,10,8,🚀 HIGH POTENTIAL,IMMEDIATE REVIEW,-
389,-,"INDF-MDKA ‘Penyelamat’ IHSG, Ditutup di 8.320",2026-01-28,,0,0,0,1,10,8,🚀 HIGH POTENTIAL,IMMEDIATE REVIEW,-
407,-,"BEI Setop Sementara Perdagangan Saham PLAN, LMPI, INAI",2026-01-28,,0,0,0,1,10,8,🚀 HIGH POTENTIAL,IMMEDIATE REVIEW,-
409,-,"IHSG Ambles 6,76 Persen, Investor Khawatir Isu Independensi BI",2026-01-28,,0,0,0,1,10,8,🚀 HIGH POTENTIAL,IMMEDIATE REVIEW,-
66,-,"Saham RMKE Ditutup Menguat Usai Suspensi Dicabut, Analis Soroti Prospek Usaha",2026-01-22,IDX Channel,0,0,0,1,10,8,🚀 HIGH POTENTIAL,IMMEDIATE REVIEW,-
363,-,"IHSG Anjlok 7,34 Persen ke 8.321 di Sesi Pertama",2026-01-28,IDX Channel,0,0,0,1,10,8,🚀 HIGH POTENTIAL,IMMEDIATE REVIEW,-
369,-,"IHSG Koreksi Tajam ke 8.393, Seluruh Sektor Dibuka ke Zona Merah",2026-01-28,IDX Channel,0,0,0,1,10,8,🚀 HIGH POTENTIAL,IMMEDIATE REVIEW,-
370,-,Harga Emas Antam (ANTM) Hari Ini Melonjak Rp52 Ribu Jadi Rp2.968.000 per Gram,2026-01-28,IDX Channel,0,0,0,1,10,8,🚀 HIGH POTENTIAL,IMMEDIATE REVIEW,-
371,-,Dampak Keputusan MSCI Dinilai Bisa Picu Outflow Masif,2026-01-28,IDX Channel,0,0,0,1,10,8,🚀 HIGH POTENTIAL,IMMEDIATE REVIEW,-
379,-,"Suspensi Dua Saham Berakhir Hari Ini, LUCY Kembali ke Papan FCA",2026-01-28,IDX Channel,0,0,0,1,10,8,🚀 HIGH POTENTIAL,IMMEDIATE REVIEW,-
115,-,"BEI Hentikan Sementara Perdagangan Saham: PBSA, BELL, MKAP, ENZO",2026-01-22,,0,0,0,1,10,8,🚀 HIGH POTENTIAL,IMMEDIATE REVIEW,-
129,-,"Direktur United Tractors Borong Saham UNTR, Segini Nilainya",2026-01-23,IDX Channel,0,0,0,1,10,8,🚀 HIGH POTENTIAL,IMMEDIATE REVIEW,-
527,-,"Profil Iman Rachman, Direktur Utama BEI yang Mengundurkan Diri",2026-01-30,IDX Channel,0,0,0,1,10,8,🚀 HIGH POTENTIAL,IMMEDIATE REVIEW,-
383,-,"MEDS Terkoreksi 14,77 Persen, Komisaris Buang di Harga ini",2026-01-28,,0,0,0,1,10,8,🚀 HIGH POTENTIAL,IMMEDIATE REVIEW,-
142,-,"Saham BUMI-PTRO Jatuh Berhari-hari, Peluang Masuk MSCI Masih Terbuka?",2026-01-23,IDX Channel,0,0,0,1,10,8,🚀 HIGH POTENTIAL,IMMEDIATE REVIEW,-
140,-,Rekor Harga Emas Dunia Dongkrak Saham ANTM-MDKA Cs di Tengah Tekanan IHSG,2026-01-23,IDX Channel,0,0,0,1,10,8,🚀 HIGH POTENTIAL,IMMEDIATE REVIEW,-
319,-,ITSEC Asia (CYBR) dan Infinix Bawa Keamanan Siber ke Ponsel Kelas Menengah,2026-01-27,,0,0,0,1,10,8,🚀 HIGH POTENTIAL,IMMEDIATE REVIEW,-
326,-,"Saham Merah, Terlempar dari LQ45: ACES Masih Menarik?",2026-01-27,,0,0,0,1,10,8,🚀 HIGH POTENTIAL,IMMEDIATE REVIEW,-
329,-,"Tertekan ADRO Hingga UNTR, IHSG Sesi I Tumbang",2026-01-27,,0,0,0,1,10,8,🚀 HIGH POTENTIAL,IMMEDIATE REVIEW,-
357,-,"Kinerja 2025 Sesuai Ekspektasi, Laba Bersih BBCA Diramal Tembus Rp62 Triliun di ...",2026-01-28,IDX Channel,0,0,0,1,10,8,🚀 HIGH POTENTIAL,IMMEDIATE REVIEW,-
153,-,"Saham Konglomerat BUMI, DEWA, hingga PTRO Jatuh, Antisipasi MSCI?",2026-01-23,IDX Channel,0,0,0,1,10,8,🚀 HIGH POTENTIAL,IMMEDIATE REVIEW,-
534,-,Aksi Jual Mendadak Tekan Harga Emas usai Rekor di Atas USD5.500,2026-01-30,IDX Channel,0,0,0,1,10,8,🚀 HIGH POTENTIAL,IMMEDIATE REVIEW,-
535,-,Berburu Saham Dividend Play di Tengah Guncangan MSCI,2026-01-30,IDX Channel,0,0,0,1,10,8,🚀 HIGH POTENTIAL,IMMEDIATE REVIEW,-
545,-,"Breaking News! Petinggi OJK Mundur, Ada Mahendra dan Inarno",2026-01-30,,0,0,0,1,10,8,🚀 HIGH POTENTIAL,IMMEDIATE REVIEW,-
311,-,"Harga Emas Antam (ANTM) Hari Ini Turun ke Rp2.916.000 per Gram, Cek Lengkapnya",2026-01-27,IDX Channel,0,0,0,1,10,8,🚀 HIGH POTENTIAL,IMMEDIATE REVIEW,-
160,-,"IHSG Turun 0,46 Persen ke 8.951, 10 Saham ini Jadi Pemberat",2026-01-23,,0,0,0,1,10,8,🚀 HIGH POTENTIAL,IMMEDIATE REVIEW,-
392,-,"Terkoreksi Sembilan Persen, PNLF Masih Betah di Harga Bawah?",2026-01-28,,0,0,0,1,10,8,🚀 HIGH POTENTIAL,IMMEDIATE REVIEW,-
53,-,"BEI Suspensi ZATA, RLCO, hingga IBOS: HUMI–RMKE Kembali Diperdagangkan",2026-01-21,,0,1,0,2,10,8,🚀 HIGH POTENTIAL,IMMEDIATE REVIEW,-
4,-,"Tarif Angkutan Laut Tekan Kinerja, Laba PPGL Merosot 57,6 Persen",2026-01-21,IDX Channel,0,0,0,1,10,8,🚀 HIGH POTENTIAL,IMMEDIATE REVIEW,-
204,-,"Anjlok, Saham Happy Hapsoro dan Empat Emiten Lain Longsor Kemarin",2026-01-24,,0,0,0,1,10,8,🚀 HIGH POTENTIAL,IMMEDIATE REVIEW,-
227,-,"Belum Bentuk Tren Baru, Tekanan BTC Masih Kuat",2026-01-25,,0,0,0,1,10,8,🚀 HIGH POTENTIAL,IMMEDIATE REVIEW,-
188,-,"10 Saham Ini Paling Rugi Sepekan, Ada YELO hingga SOHO",2026-01-24,IDX Channel,0,0,0,1,10,8,🚀 HIGH POTENTIAL,IMMEDIATE REVIEW,-
254,-,Saham ANTM-ARCI Melesat Usai Harga Emas Pecahkan Rekor,2026-01-26,IDX Channel,0,0,0,1,10,8,🚀 HIGH POTENTIAL,IMMEDIATE REVIEW,-
257,-,"BEI Kunci Perdagangan Saham dan Waran BAIK, Ini yang Terjadi",2026-01-26,IDX Channel,0,0,0,1,10,8,🚀 HIGH POTENTIAL,IMMEDIATE REVIEW,-
288,-,"Bitcoin Sideways di USD89.000, Risiko Tekanan Turun Meningkat",2026-01-26,,0,0,0,1,10,8,🚀 HIGH POTENTIAL,IMMEDIATE REVIEW,-
289,-,Wall Street Dibuka Beragam Jelang Rapat The Fed,2026-01-27,IDX Channel,0,0,0,1,10,8,🚀 HIGH POTENTIAL,IMMEDIATE REVIEW,-
264,-,"Suspensi Dua Saham Dicabut Awal Pekan, GRPM Pindah ke Papan FCA",2026-01-26,IDX Channel,0,0,0,1,10,8,🚀 HIGH POTENTIAL,IMMEDIATE REVIEW,-
258,-,"Emas Antam (ANTM) Awal Pekan Meroket Rp30 Ribu per Gram, Cek Harga Selengkapnya",2026-01-26,IDX Channel,0,0,0,1,10,8,🚀 HIGH POTENTIAL,IMMEDIATE REVIEW,-
49,-,"IHSG Sesi I Terjungkal Safe Haven, Bursa Asia Merah",2026-01-21,,0,0,0,1,10,8,🚀 HIGH POTENTIAL,IMMEDIATE REVIEW,-
37,-,"Presiden Komisaris Lippo Insurance (LPGI) Mengundurkan Diri, Ini Penggantinya",2026-01-21,IDX Channel,0,0,0,1,10,8,🚀 HIGH POTENTIAL,IMMEDIATE REVIEW,-
167,-,"IHSG Terpental 115 Poin, Pasar Asia Sorak-sorai",2026-01-23,,0,0,0,1,10,8,🚀 HIGH POTENTIAL,IMMEDIATE REVIEW,-
176,-,"Bitcoin Limbung, Dana Asing Keluar USD1 Miliar",2026-01-23,,0,0,0,1,10,8,🚀 HIGH POTENTIAL,IMMEDIATE REVIEW,-
178,-,Rupiah Menguat Seiring Optimisme Pemerintah Atasi Under Invoicing,2026-01-23,,0,0,0,1,10,8,🚀 HIGH POTENTIAL,IMMEDIATE REVIEW,-
243,-,"Winner (WINR) Kembangkan Lima Proyek Properti di Jabodetabek, Bidik Penjualan Rp...",2026-01-26,IDX Channel,0,0,0,1,10,8,🚀 HIGH POTENTIAL,IMMEDIATE REVIEW,-
603,-,"Perdagangan Saham Bervariasi pada Pekan Ini, IHSG Anjlok 6,94 Persen",2026-01-31,,0,0,0,1,10,8,🚀 HIGH POTENTIAL,IMMEDIATE REVIEW,-
24,-,"Saham BULL dan ELIT Masuk Radar UMA, Investor Diminta Hati-Hati",2026-01-21,IDX Channel,0,0,0,1,10,8,🚀 HIGH POTENTIAL,IMMEDIATE REVIEW,-
19,-,"Harga Emas Pegadaian Hari Ini Naik Tajam, Termurah Rp2.766.000 per Gram",2026-01-21,IDX Channel,0,0,0,1,10,8,🚀 HIGH POTENTIAL,IMMEDIATE REVIEW,-
20,-,Saham United Tractors (UNTR) dan Astra (ASII) Anjlok usai Prabowo Cabut Izin Tam...,2026-01-21,IDX Channel,0,0,0,1,10,8,🚀 HIGH POTENTIAL,IMMEDIATE REVIEW,-
189,-,Saham PTRO-BUMI Cs Jadi Beban IHSG Pekan Ini,2026-01-24,IDX Channel,0,0,0,1,10,8,🚀 HIGH POTENTIAL,IMMEDIATE REVIEW,-
190,-,Harga Emas Antam (ANTM) Naik Jadi Rp2.887.000 per Gram,2026-01-24,IDX Channel,0,0,0,1,10,8,🚀 HIGH POTENTIAL,IMMEDIATE REVIEW,-
211,-,Asuransi MAG (AMAG) Naikkan Batas Harga Maksimal Buyback Saham,2026-01-25,IDX Channel,0,0,0,1,10,8,🚀 HIGH POTENTIAL,IMMEDIATE REVIEW,-
590,-,"Direktur BCA Serok Saham BBCA Rp2,1 Miliar saat Pasar Bergejolak",2026-01-31,IDX Channel,0,0,0,1,10,8,🚀 HIGH POTENTIAL,IMMEDIATE REVIEW,-
1,-,"Balik Rugi Jadi Laba, Minna Padi (PADI) Raup Rp24,74 Miliar hingga Kuartal III-2...",2026-01-21,IDX Channel,1,0,0,3,10,7,🚀 HIGH POTENTIAL,IMMEDIATE REVIEW,rights issue
414,-,"Wall Street Dibuka Beragam, Investor Cermati Dampak Belanja AI Big Tech",2026-01-29,IDX Channel,0,0,0,2,10,6,🚀 HIGH POTENTIAL,IMMEDIATE REVIEW,-
581,-,"Deretan Saham Top Losers Sepekan, Ada AIMS hingga RMKE",2026-01-31,IDX Channel,0,0,0,2,10,6,🚀 HIGH POTENTIAL,IMMEDIATE REVIEW,-
70,-,"Baru Masuk Papan FCA, Saham MDIA-SOCI Kompak ARB",2026-01-22,IDX Channel,0,0,0,2,10,6,🚀 HIGH POTENTIAL,IMMEDIATE REVIEW,-
297,-,BEI Cecar GTSI soal Rekam Jejak Dirut Ari Askhara,2026-01-27,IDX Channel,0,0,0,2,10,6,🚀 HIGH POTENTIAL,IMMEDIATE REVIEW,-
138,-,"Saham PBSA Bergerak di Bidang Apa? Emiten Infrastruktur, Intip Deretan Proyeknya",2026-01-23,IDX Channel,0,0,0,2,10,6,🚀 HIGH POTENTIAL,IMMEDIATE REVIEW,-
555,-,"Belum Laporkan Data Keuangan, 48 Emiten Disuspensi BEI",2026-01-30,,0,0,0,2,10,6,🚀 HIGH POTENTIAL,IMMEDIATE REVIEW,-
242,-,"RUPSLB Green Power (LABA) Gagal Kuorum, Kepastian Nasib An Shaohong Belum Jelas",2026-01-26,IDX Channel,0,0,0,3,10,4,⚠️  MEDIUM POTENTIAL,MONITOR,-
